-- phpMyAdmin SQL Dump
-- version 3.4.5
-- http://www.phpmyadmin.net
--
-- 主机: localhost
-- 生成日期: 2012 年 03 月 13 日 09:06
-- 服务器版本: 5.5.16
-- PHP 版本: 5.3.8

SET SQL_MODE="NO_AUTO_VALUE_ON_ZERO";
SET time_zone = "+00:00";


/*!40101 SET @OLD_CHARACTER_SET_CLIENT=@@CHARACTER_SET_CLIENT */;
/*!40101 SET @OLD_CHARACTER_SET_RESULTS=@@CHARACTER_SET_RESULTS */;
/*!40101 SET @OLD_COLLATION_CONNECTION=@@COLLATION_CONNECTION */;
/*!40101 SET NAMES utf8 */;

--
-- 数据库: `tp_xieche`
--

-- --------------------------------------------------------

--
-- 表的结构 `xc_access`
--

CREATE TABLE IF NOT EXISTS `xc_access` (
  `role_id` smallint(6) unsigned NOT NULL,
  `node_id` smallint(6) unsigned NOT NULL,
  `level` tinyint(1) NOT NULL,
  `pid` smallint(6) NOT NULL,
  `module` varchar(50) DEFAULT NULL,
  KEY `groupId` (`role_id`),
  KEY `nodeId` (`node_id`)
) ENGINE=MyISAM DEFAULT CHARSET=utf8;

--
-- 转存表中的数据 `xc_access`
--

INSERT INTO `xc_access` (`role_id`, `node_id`, `level`, `pid`, `module`) VALUES
(2, 1, 1, 0, NULL),
(2, 40, 2, 1, NULL),
(2, 30, 2, 1, NULL),
(3, 1, 1, 0, NULL),
(2, 69, 2, 1, NULL),
(2, 50, 3, 40, NULL),
(3, 50, 3, 40, NULL),
(1, 50, 3, 40, NULL),
(3, 7, 2, 1, NULL),
(3, 39, 3, 30, NULL),
(2, 39, 3, 30, NULL),
(2, 49, 3, 30, NULL),
(4, 1, 1, 0, NULL),
(4, 2, 2, 1, NULL),
(4, 3, 2, 1, NULL),
(4, 4, 2, 1, NULL),
(4, 5, 2, 1, NULL),
(4, 6, 2, 1, NULL),
(4, 7, 2, 1, NULL),
(4, 11, 2, 1, NULL),
(5, 25, 1, 0, NULL),
(5, 51, 2, 25, NULL),
(1, 1, 1, 0, NULL),
(1, 39, 3, 30, NULL),
(1, 69, 2, 1, NULL),
(1, 30, 2, 1, NULL),
(1, 40, 2, 1, NULL),
(1, 49, 3, 30, NULL),
(3, 69, 2, 1, NULL),
(3, 30, 2, 1, NULL),
(3, 40, 2, 1, NULL),
(1, 37, 3, 30, NULL),
(1, 36, 3, 30, NULL),
(1, 35, 3, 30, NULL),
(1, 34, 3, 30, NULL),
(1, 33, 3, 30, NULL),
(1, 32, 3, 30, NULL),
(1, 31, 3, 30, NULL),
(2, 32, 3, 30, NULL),
(2, 31, 3, 30, NULL),
(7, 1, 1, 0, NULL),
(7, 70, 2, 1, NULL),
(7, 50, 3, 40, NULL),
(7, 49, 3, 30, NULL),
(7, 39, 3, 30, NULL),
(7, 69, 2, 1, NULL),
(7, 30, 2, 1, NULL),
(7, 40, 2, 1, NULL);

-- --------------------------------------------------------

--
-- 表的结构 `xc_carbrand`
--

CREATE TABLE IF NOT EXISTS `xc_carbrand` (
  `brand_id` int(10) unsigned NOT NULL AUTO_INCREMENT COMMENT '品牌ID',
  `word` char(2) NOT NULL COMMENT '首字母',
  `brand_name` char(25) NOT NULL COMMENT '品牌名称',
  PRIMARY KEY (`brand_id`)
) ENGINE=MyISAM  DEFAULT CHARSET=utf8 AUTO_INCREMENT=158 ;

--
-- 转存表中的数据 `xc_carbrand`
--

INSERT INTO `xc_carbrand` (`brand_id`, `word`, `brand_name`) VALUES
(34, 'A', '阿尔法罗密欧'),
(35, 'A', '阿斯顿·马丁'),
(33, 'A', '奥迪'),
(140, 'B', 'BRABUS巴博斯'),
(120, 'B', '宝骏'),
(15, 'B', '宝马'),
(40, 'B', '保时捷'),
(154, 'B', '北汽制造'),
(36, 'B', '奔驰'),
(95, 'B', '奔腾'),
(14, 'B', '本田'),
(75, 'B', '比亚迪'),
(13, 'B', '标致'),
(38, 'B', '别克'),
(39, 'B', '宾利'),
(37, 'B', '布加迪'),
(79, 'C', '昌河'),
(76, 'C', '长安'),
(77, 'C', '长城'),
(78, 'C', '长丰'),
(111, 'C', '川汽野马'),
(157, 'D', 'Dacia'),
(92, 'D', '大发'),
(1, 'D', '大众'),
(41, 'D', '道奇'),
(105, 'D', '帝豪'),
(32, 'D', '东风'),
(113, 'D', '东风风神'),
(142, 'D', '东风小康'),
(81, 'D', '东南'),
(42, 'F', '法拉利'),
(11, 'F', '菲亚特'),
(3, 'F', '丰田'),
(141, 'F', '福迪'),
(8, 'F', '福特'),
(96, 'F', '福田'),
(112, 'G', 'GMC'),
(116, 'G', '光冈'),
(82, 'G', '广汽'),
(24, 'H', '哈飞'),
(150, 'H', '海格'),
(86, 'H', '海马'),
(43, 'H', '悍马'),
(91, 'H', '红旗'),
(85, 'H', '华普'),
(87, 'H', '华泰'),
(97, 'H', '黄海'),
(46, 'J', 'Jeep吉普'),
(108, 'J', '吉奥'),
(25, 'J', '吉利'),
(104, 'J', '吉利全球鹰'),
(84, 'J', '江淮'),
(119, 'J', '江铃'),
(44, 'J', '捷豹'),
(83, 'J', '金杯'),
(151, 'J', '九龙'),
(156, 'K', '卡尔森'),
(101, 'K', '开瑞'),
(47, 'K', '凯迪拉克'),
(100, 'K', '柯尼赛格'),
(9, 'K', '克莱斯勒'),
(48, 'L', '兰博基尼'),
(121, 'L', '蓝旗亚'),
(118, 'L', '劳伦士'),
(54, 'L', '劳斯莱斯'),
(52, 'L', '雷克萨斯'),
(10, 'L', '雷诺'),
(124, 'L', '理念'),
(80, 'L', '力帆'),
(89, 'L', '莲花汽车'),
(51, 'L', '林肯'),
(53, 'L', '铃木'),
(88, 'L', '陆风'),
(49, 'L', '路虎'),
(50, 'L', '路特斯'),
(155, 'M', 'MAXUS大通'),
(20, 'M', 'MG'),
(56, 'M', 'MINI'),
(58, 'M', '马自达'),
(57, 'M', '玛莎拉蒂'),
(55, 'M', '迈巴赫'),
(136, 'N', 'Noble'),
(130, 'N', '纳智捷'),
(60, 'O', '讴歌'),
(59, 'O', '欧宝'),
(61, 'P', '帕加尼'),
(26, 'Q', '奇瑞'),
(62, 'Q', '起亚'),
(63, 'R', '日产'),
(19, 'R', '荣威'),
(103, 'R', '瑞麒'),
(137, 'S', 'Scion'),
(45, 'S', 'smart'),
(64, 'S', '萨博'),
(68, 'S', '三菱'),
(149, 'S', '陕汽通家'),
(66, 'S', '世爵'),
(90, 'S', '双环'),
(69, 'S', '双龙'),
(65, 'S', '斯巴鲁'),
(67, 'S', '斯柯达'),
(135, 'T', 'TVR'),
(102, 'W', '威麟'),
(143, 'W', '威旺'),
(99, 'W', '威兹曼'),
(70, 'W', '沃尔沃'),
(114, 'W', '五菱汽车'),
(7, 'X', '夏利'),
(12, 'X', '现代'),
(71, 'X', '雪佛兰'),
(72, 'X', '雪铁龙'),
(110, 'Y', '一汽'),
(144, 'Y', '依维柯'),
(73, 'Y', '英菲尼迪'),
(106, 'Y', '英伦'),
(93, 'Y', '永源'),
(22, 'Z', '中华'),
(74, 'Z', '中兴'),
(94, 'Z', '众泰');

-- --------------------------------------------------------

--
-- 表的结构 `xc_carmodel`
--

CREATE TABLE IF NOT EXISTS `xc_carmodel` (
  `model_id` int(10) unsigned NOT NULL AUTO_INCREMENT COMMENT '车型ID',
  `model_name` char(100) NOT NULL COMMENT '车型名称',
  `year` int(4) unsigned NOT NULL COMMENT '年份',
  `series_id` int(10) unsigned NOT NULL COMMENT '车系ID',
  PRIMARY KEY (`model_id`)
) ENGINE=MyISAM  DEFAULT CHARSET=utf8 AUTO_INCREMENT=1000950 ;

--
-- 转存表中的数据 `xc_carmodel`
--

INSERT INTO `xc_carmodel` (`model_id`, `model_name`, `year`, `series_id`) VALUES
(1421, '2004款 2.0T', 2004, 399),
(1423, '2004款 3.2 GTA', 2004, 399),
(165, '2004款 2.0 AT', 2004, 179),
(1422, '2004款 2.0T Spark', 2004, 400),
(1424, '2004款 3.2', 2004, 401),
(1369, '2004款 6.0', 2004, 266),
(1408, '2004款 6.0 Coupe', 2004, 266),
(3491, '2007款 6.0 Manual Coupe', 2007, 266),
(5527, '2007款 6.0 Touchtronic Coupe', 2007, 266),
(3492, '2007款 6.0 Manual Volante', 2007, 266),
(3536, '2007款 6.0 Touchtronic Volante', 2007, 266),
(8048, '2011款 6.0 Touchtronic Coupe', 2011, 266),
(8049, '2011款 6.0 Touchtronic Volante', 2011, 266),
(3493, '2007款 6.0 Manual Coupe', 2007, 582),
(5530, '2009款 6.0 Touchtronic Coupe', 2009, 582),
(5531, '2009款 6.0 Manual Volante', 2009, 582),
(5024, '2009款 6.0 Touchtronic Volante', 2009, 582),
(6075, '2010款 6.0L V12', 2010, 923),
(5336, '2009款 6.0 Manual Coupe', 2009, 822),
(3489, '2007款 4.3 Manual Coupe', 2007, 385),
(4251, '2007款 4.3 Sportshift Coupe', 2007, 385),
(3490, '2007款 4.3 Manual Roadster', 2007, 385),
(4252, '2007款 4.3 Sportshift Roadster', 2007, 385),
(9361, '2008款 4.7 Sportshift Roadster', 2008, 385),
(9096, '2011款 4.7 Sportshift Coupe', 2011, 385),
(9793, '2011款 4.7 Sportshift Roadster', 2011, 385),
(9391, '2012款 4.7 S Coupe', 2012, 385),
(9751, '2012款 4.7 S Roadster', 2012, 385),
(1409, '2004款 6.0 Coupe', 2004, 386),
(9545, '2012款 6.0 Coupe', 2012, 2275),
(9562, '2012款 6.0 Volante', 2012, 2275),
(11069, '2012款 1.4 TFSI Urban', 2012, 650),
(7117, '2012款 1.4 TFSI Ego', 2012, 650),
(7244, '2012款 1.4 TFSI Ego plus', 2012, 650),
(7771, '2010款 Sportback 1.4T 舒适型', 2010, 370),
(7772, '2010款 Sportback 1.4T 豪华型', 2010, 370),
(7773, '2010款 Sportback 1.8T 豪华型', 2010, 370),
(7774, '2010款 Sportback 1.8T 尊贵型', 2010, 370),
(10584, '2012款 Sportback 1.4T 技术型', 2012, 370),
(10583, '2012款 Sportback 1.4T 舒适型', 2012, 370),
(10582, '2012款 Sportback 1.4T 豪华型', 2012, 370),
(10581, '2012款 Sportback 1.8T 豪华型', 2012, 370),
(7489, '2012款 Sportback 1.8T 尊贵型', 2012, 370),
(981, '2004款 1.8T', 2004, 19),
(146, '2004款 1.8T 基本型', 2004, 19),
(325, '2004款 1.8T 舒适型', 2004, 19),
(147, '2004款 1.8T 技术型', 2004, 19),
(1227, '2004款 1.8T Sline', 2004, 19),
(982, '2004款 2.4 舒适型', 2004, 19),
(870, '2004款 2.4 尊享型', 2004, 19),
(326, '2004款 3.0 舒适型', 2004, 19),
(327, '2004款 3.0 加温型', 2004, 19),
(145, '2004款 3.0 娱乐型', 2004, 19),
(854, '2004款 3.0 尊享型', 2004, 19),
(329, '2004款 3.0 豪华型', 2004, 19),
(1523, '2005款 1.8T 手动基本型', 2005, 19),
(1524, '2005款 1.8T 自动基本型', 2005, 19),
(1522, '2005款 1.8T 入门型', 2005, 19),
(1525, '2005款 1.8T 6挡自动舒适型', 2005, 19),
(1526, '2005款 1.8T 技术型', 2005, 19),
(1653, '2005款 2.4 尊贵型', 2005, 19),
(1527, '2005款 2.4 舒适型', 2005, 19),
(1528, '2005款 2.4 运动型', 2005, 19),
(1529, '2005款 3.0', 2005, 19),
(1530, '2005款 3.0 运动版', 2005, 19),
(1920, '2006款 1.8T 7挡自动舒适型', 2006, 19),
(1916, '2006款 1.8T 手动基本', 2006, 19),
(1917, '2006款 1.8T 自动基本', 2006, 19),
(1922, '2006款 1.8T 豪华型', 2006, 19),
(1923, '2006款 1.8T 领先型', 2006, 19),
(1398, '2006款 2.0T 尊享型', 2006, 19),
(1918, '2006款 3.0 quattro 旗舰型', 2006, 19),
(2564, '2006款 2.0T 标准型', 2006, 19),
(2915, '2007款 1.8T 手动标准型', 2007, 19),
(2916, '2007款 1.8T 手动舒适型', 2007, 19),
(2917, '2007款 1.8T 自动标准型', 2007, 19),
(2918, '2007款 1.8T 自动舒适型', 2007, 19),
(3211, '2007款 1.8T 个性风格版', 2007, 19),
(2919, '2007款 1.8T 自动豪华型', 2007, 19),
(2920, '2007款 2.0T 自动标准型', 2007, 19),
(2921, '2007款 2.0T 自动舒适型', 2007, 19),
(2922, '2007款 2.0T 自动豪华型', 2007, 19),
(3621, '2008款 1.8T 手动舒适型', 2008, 19),
(3622, '2008款 1.8T 自动舒适型', 2008, 19),
(3623, '2008款 1.8T 个性风格版', 2008, 19),
(3624, '2008款 1.8T 自动豪华型', 2008, 19),
(3625, '2008款 2.0T 个性风格版', 2008, 19),
(3626, '2008款 2.0T 自动豪华型', 2008, 19),
(6902, '以往经典版', 2003, 471),
(6895, 'Avant 以往经典版', 2003, 471),
(6837, '2003款 2.0', 2003, 471),
(6736, '2003款 A4 3.0敞篷版', 2003, 471),
(2541, '2006款 4.2 RS 4', 2006, 471),
(6892, '2009款 Avant 基本型', 2009, 471),
(4637, '2009款 2.0 TFSI 标准型', 2009, 692),
(4641, '2009款 2.0 TFSI 舒适型', 2009, 692),
(4642, '2009款 2.0 TFSI 技术型', 2009, 692),
(4640, '2009款 2.0 TFSI 豪华型', 2009, 692),
(4639, '2009款 3.2 FSI quattro 旗舰型', 2009, 692),
(5863, '2010款 1.8 TFSI 舒适型', 2010, 692),
(5886, '2010款 2.0 TFSI 标准型', 2010, 692),
(5887, '2010款 2.0 TFSI 舒适型', 2010, 692),
(5888, '2010款 2.0 TFSI 技术型', 2010, 692),
(5889, '2010款 2.0 TFSI 豪华型', 2010, 692),
(5864, '2010款 2.0 TFSI 运动型', 2010, 692),
(5890, '2010款 3.2 FSI quattro 旗舰型', 2010, 692),
(8575, '2011款 1.8 TFSI 舒适型', 2011, 692),
(8578, '2011款 2.0 TFSI 标准型', 2011, 692),
(8579, '2011款 2.0 TFSI 舒适型', 2011, 692),
(8580, '2011款 2.0 TFSI 技术型', 2011, 692),
(8581, '2011款 2.0 TFSI 豪华型', 2011, 692),
(8583, '2011款 2.0 TFSI 运动型', 2011, 692),
(8584, '2011款 2.0 TFSI 尊享型', 2011, 692),
(8585, '2011款 3.2 FSI quattro 旗舰型', 2011, 692),
(10760, '2012款 1.8 TFSI 手动舒适型', 2012, 692),
(10761, '2012款 1.8 TFSI 自动舒适型', 2012, 692),
(10762, '2012款 2.0 TFSI 自动标准型', 2012, 692),
(10763, '2012款 2.0 TFSI 自动舒适型', 2012, 692),
(10764, '2012款 2.0 TFSI 自动技术型', 2012, 692),
(10765, '2012款 2.0 TFSI 自动豪华型', 2012, 692),
(10766, '2012款 2.0 TFSI 自动运动型', 2012, 692),
(10767, '2012款 2.0 TFSI 自动尊享型', 2012, 692),
(3021, '2008款 3.2 coupe', 2008, 538),
(3129, '2008款 3.2 coupe quattro', 2008, 538),
(5034, '2009款 2.0TSI coupe', 2009, 538),
(4265, '2009款 4.2 S5 coupe', 2009, 538),
(7819, '2010款 2.0TSI Coupe', 2010, 538),
(7820, '2010款 2.0TSI Coupe 风尚版', 2010, 538),
(7821, '2010款 3.2 coupe quattro', 2010, 538),
(7822, '2010款 4.2 S5 Coupe', 2010, 538),
(5677, '2010款 2.0TSI Sportback 舒适型', 2010, 538),
(7823, '2010款 2.0TSI Sportback 技术型', 2010, 538),
(7824, '2010款 2.0TSI Sportback 豪华型', 2010, 538),
(5955, '2010款 3.0T S5 Sportback', 2010, 538),
(4727, '2010款 2.0TSI Cabriolet', 2010, 538),
(4726, '2010款 3.0T S5 Cabriolet', 2010, 538),
(331, '2004款 1.8T（125马力）', 2004, 509),
(149, '2004款 1.8T 手动基本', 2004, 509),
(642, '2004款 1.8T 自动基本', 2004, 509),
(643, '2004款 1.8T 自动舒适', 2004, 509),
(984, '2004款 2.4 手动基本', 2004, 509),
(148, '2004款 2.4 豪华舒适', 2004, 509),
(644, '2004款 2.4 技术领先', 2004, 509),
(985, '2004款 2.4 自动基本', 2004, 509),
(1072, '2004款 2.4 行政版', 2004, 509),
(647, '2004款 2.8 技术领先', 2004, 509),
(1071, '2004款 2.8 行政版', 2004, 509),
(646, '2004款 2.8 豪华型', 2004, 509),
(7125, '2002款 RS6 4.2T', 2002, 472),
(7126, '2002款 RS6 4.2T Avant', 2002, 472),
(191, '2004款 Allroad 2.7T', 2004, 472),
(746, '2004款 Allroad 4.2', 2004, 472),
(6847, '2004款 3.0 quattro', 2004, 472),
(6849, '2005款 2.4 AT', 2005, 472),
(2542, '2006款 5.2 S6', 2006, 472),
(1397, '2005款 2.0T 基本型', 2005, 18),
(1598, '2005款 2.0T 手动标准型', 2005, 18),
(1878, '2005款 2.0T 自动标准型', 2005, 18),
(1596, '2005款 2.4 技术型', 2005, 18),
(1720, '2005款 2.4 舒适型', 2005, 18),
(1721, '2005款 2.4 技术领先型', 2005, 18),
(2562, '2005款 2.4 尊贵型', 2005, 18),
(1723, '2005款 3.0 技术领先型', 2005, 18),
(1599, '2005款 3.0 quattro 领先尊享型', 2005, 18),
(1597, '2005款 4.2 quattro 至尊旗舰型', 2005, 18),
(2652, '2006款 3.2 FSI 技术领先型', 2006, 18),
(2641, '2006款 3.2 FSI 舒适娱乐型', 2006, 18),
(2653, '2006款 3.2 FSI 尊享型', 2006, 18),
(2642, '2006款 3.2 FSI quattro 领先尊享型', 2006, 18),
(2643, '2006款 4.2 FSI quattro 至尊旗舰', 2006, 18),
(3665, '2008款 2.0T 手动标准型', 2008, 18),
(3666, '2008款 2.0T 自动标准型', 2008, 18),
(3667, '2008款 2.4 技术型', 2008, 18),
(3668, '2008款 2.4 舒适型', 2008, 18),
(3669, '2008款 2.4 尊贵型', 2008, 18),
(3670, '2008款 2.8 FSI 舒适娱乐型', 2008, 18),
(3671, '2008款 2.8 FSI 尊享型', 2008, 18),
(3672, '2008款 3.2 FSI quattro 舒适娱乐型', 2008, 18),
(3673, '2008款 3.2 FSI quattro 豪华型', 2008, 18),
(3674, '2008款 4.2 FSI quattro 至尊旗舰', 2008, 18),
(6765, '2008款 3.2 FSI 尊享型', 2008, 18),
(6767, '2008款 2.0T 奥运限量版', 2008, 18),
(4430, '2009款 2.8 FSI quattro 豪华型', 2009, 18),
(4449, '2009款 3.0 TFSI quattro 豪华型', 2009, 18),
(4441, '2009款 2.0 TFSI 基本型', 2009, 18),
(4442, '2009款 2.0 TFSI 手动标准型', 2009, 18),
(4443, '2009款 2.0 TFSI 自动标准型', 2009, 18),
(4444, '2009款 2.4 技术型', 2009, 18),
(4445, '2009款 2.4 舒适型', 2009, 18),
(4446, '2009款 2.4 豪华型', 2009, 18),
(4447, '2009款 2.8 FSI 舒适娱乐型', 2009, 18),
(4448, '2009款 2.8 FSI 豪华型', 2009, 18),
(5774, '2010款 2.0 TFSI 基本型', 2010, 18),
(5775, '2010款 2.0 TFSI 手动标准型', 2010, 18),
(5779, '2010款 2.0 TFSI 自动标准型', 2010, 18),
(5782, '2010款 2.4 技术型', 2010, 18),
(5783, '2010款 2.4 舒适型', 2010, 18),
(5781, '2010款 2.4 豪华型', 2010, 18),
(5895, '2010款 2.7 TDI', 2010, 18),
(5780, '2010款 2.8 FSI 舒适型', 2010, 18),
(5778, '2010款 2.8 FSI 豪华型', 2010, 18),
(5777, '2010款 2.8 FSI quattro 豪华型', 2010, 18),
(5776, '2010款 3.0 TFSI quattro 豪华型', 2010, 18),
(9305, '2011款 2.0 TFSI 基本型', 2011, 18),
(9306, '2011款 2.0 TFSI 手动标准型', 2011, 18),
(9307, '2011款 2.0 TFSI 自动标准型', 2011, 18),
(9316, '2011款 2.0 TFSI 自动舒适型', 2011, 18),
(9308, '2011款 2.4 技术型', 2011, 18),
(9309, '2011款 2.4 舒适型', 2011, 18),
(9310, '2011款 2.4 豪华型', 2011, 18),
(9315, '2011款 2.7 TDI 舒适型', 2011, 18),
(9311, '2011款 2.8 FSI 舒适型', 2011, 18),
(9312, '2011款 2.8 FSI 豪华型', 2011, 18),
(9313, '2011款 2.8 FSI quattro 豪华型', 2011, 18),
(9314, '2011款 3.0 TFSI quattro 豪华型', 2011, 18),
(10596, '2012款 2.8 FSI quattro进取型', 2012, 740),
(11344, '2012款 3.0TFSI quattro舒适型', 2012, 740),
(10218, '2012款 3.0TFSI quattro豪华型', 2012, 740),
(479, '2004款 3.0', 2004, 146),
(467, '2004款 3.7', 2004, 146),
(476, '2004款 4.2', 2004, 146),
(1849, '2005款 4.2', 2005, 146),
(1850, '2005款 6.0', 2005, 146),
(1848, '2005款 3.0', 2005, 146),
(2597, '2006款 6.0 W12 Quattro旗舰型', 2006, 146),
(2595, '2007款 3.2FSI 标准型', 2007, 146),
(3044, '2007款 3.2FSI 豪华型', 2007, 146),
(3045, '2007款 3.2FSI 技术型', 2007, 146),
(3049, '2007款 3.2FSI 尊享型', 2007, 146),
(2596, '2007款 4.2FSI Quattro尊贵型', 2007, 146),
(1905, '2007款 S8 5.2', 2007, 146),
(3532, '2008款 2.8 FSI标准型', 2008, 146),
(3533, '2008款 2.8 FSI豪华型', 2008, 146),
(3530, '2008款 3.2 FSI标准型', 2008, 146),
(3531, '2008款 3.2 FSI豪华型', 2008, 146),
(3529, '2008款 4.2 FSI尊贵型', 2008, 146),
(3528, '2008款 6.0 W12至尊旗舰型', 2008, 146),
(3519, '2008款 S8 5.2FSI Quattro', 2008, 146),
(4689, '2009款 2.8 FSI 标准型', 2009, 146),
(5387, '2009款 3.0 FSI 标准型', 2009, 146),
(5518, '2009款 3.0 FSI 豪华型', 2009, 146),
(5519, '2009款 3.0 FSI 尊贵型', 2009, 146),
(4693, '2009款 4.2 FSI quattro 尊贵型', 2009, 146),
(4863, '2009款 6.0 W12 quattro 旗舰型', 2009, 146),
(4694, '2009款 6.0 W12 quattro 专享尊崇型', 2009, 146),
(4687, '2009款 S8 5.2 FSI quattro', 2009, 146),
(6463, '2010款 3.0 FSI 百年纪念版', 2010, 146),
(6464, '2010款 6.0 W12 quattro 百年纪念版', 2010, 146),
(7151, '2010款 混合动力版', 2010, 146),
(8967, '2011款 3.0TFSI quattro舒适型(213kW)', 2011, 146),
(8968, '2011款 3.0TFSI quattro豪华型(213kW)', 2011, 146),
(8966, '2011款 3.0TFSI quattro舒适型(245kW)', 2011, 146),
(8965, '2011款 3.0TFSI quattro豪华型(245kW)', 2011, 146),
(7533, '2011款 3.0TFSI quattro尊贵型(245kW)', 2011, 146),
(7534, '2011款 W12 6.3FSI quattro', 2011, 146),
(5302, '2010款 2.0TSI 进取型', 2010, 812),
(7362, '2010款 2.0TSI 技术型', 2010, 812),
(7363, '2010款 2.0TSI 舒适型', 2010, 812),
(7364, '2010款 2.0TSI 豪华型', 2010, 812),
(9017, '2011款 2.0TSI 进取型', 2011, 812),
(9019, '2011款 2.0TSI 技术型', 2011, 812),
(9020, '2011款 2.0TSI 舒适型', 2011, 812),
(9022, '2011款 2.0TSI 动感型', 2011, 812),
(9021, '2011款 2.0TSI 豪华型', 2011, 812),
(11446, '2012款 2.0TSI 进取型', 2012, 812),
(11447, '2012款 2.0TSI 技术型', 2012, 812),
(11448, '2012款 2.0TSI 舒适型', 2012, 812),
(11449, '2012款 2.0TSI 动感型', 2012, 812),
(11450, '2012款 2.0TSI 豪华型', 2012, 812),
(3844, '2010款 2.0TSI 运动版', 2010, 593),
(6315, '2010款 2.0TSI 越野版', 2010, 593),
(5388, '2010款 3.2 运动版', 2010, 593),
(6316, '2010款 3.2 越野版', 2010, 593),
(2422, '06款 3.0 TDI quattro', 2006, 412),
(2598, '2006款 3.6 FSI quattro 基本型', 2006, 412),
(1675, '2006款 4.2 FSI quattro 技术型', 2006, 412),
(3036, '2007款 3.6 FSI quattro 技术型', 2007, 412),
(3037, '2007款 3.6 FSI quattro 舒适型', 2007, 412),
(3038, '2007款 3.6 FSI quattro 豪华型', 2007, 412),
(3039, '2007款 4.2 FSI quattro 舒适型', 2007, 412),
(3040, '2007款 4.2 FSI quattro 豪华型', 2007, 412),
(5994, '2010款 3.0 TDI quattro 领先型', 2010, 412),
(6282, '2010款 3.0 TDI领先型运动典藏版', 2010, 412),
(5988, '2010款 3.6 FSI quattro 基本型', 2010, 412),
(5989, '2010款 3.6 FSI quattro 技术型', 2010, 412),
(5990, '2010款 3.6 FSI quattro 舒适型', 2010, 412),
(5991, '2010款 3.6 FSI quattro 豪华型', 2010, 412),
(6305, '2010款 3.6 FSI技术型运动典藏版', 2010, 412),
(6307, '2010款 3.6 FSI技术型越野典藏版', 2010, 412),
(6298, '2010款 3.6 FSI舒适型运动典藏版', 2010, 412),
(6306, '2010款 3.6 FSI舒适型越野典藏版', 2010, 412),
(5992, '2010款 4.2 FSI quattro 技术型', 2010, 412),
(5993, '2010款 4.2 FSI quattro 豪华型', 2010, 412),
(5639, '2010款 6.0 V12 TDI旗舰型', 2010, 412),
(8557, '2011款 3.0 TFSI 进取型(200kW)', 2011, 412),
(8558, '2011款 3.0 TFSI 技术型(200kW)', 2011, 412),
(8559, '2011款 3.0 TFSI 舒适型(200kW)', 2011, 412),
(7492, '2011款 3.0 TFSI 专享型(200kW)', 2011, 412),
(8560, '2011款 3.0 TFSI 技术型(245kW)', 2011, 412),
(8561, '2011款 3.0 TFSI 舒适型(245kW)', 2011, 412),
(8562, '2011款 3.0 TFSI 专享型(245kW)', 2011, 412),
(10568, '2012款 3.0 TFSI 进取型(200kW)', 2012, 412),
(10569, '2012款 3.0 TFSI 技术型(200kW)', 2012, 412),
(10570, '2012款 3.0 TFSI 舒适型(200kW)', 2012, 412),
(10571, '2012款 3.0 TFSI 专享型(200kW)', 2012, 412),
(10572, '2012款 3.0 TFSI 技术型(245kW)', 2012, 412),
(10573, '2012款 3.0 TFSI 舒适型(245kW)', 2012, 412),
(10574, '2012款 3.0 TFSI 专享型(245kW)', 2012, 412),
(8830, '2012款 3.0 TDI 领先型', 2012, 412),
(11028, '2012款 3.0 TDI 专享型', 2012, 412),
(9971, '2012款 6.0 V12 TDI 旗舰型', 2012, 412),
(2828, '2007款 4.2 FSI quattro', 2007, 511),
(4747, '2010款 5.2 FSI quattro', 2010, 511),
(6071, '2011款 Spyder 5.2 FSI quattro', 2011, 511),
(11394, '2012款 5.2 FSI quattro 限量版', 2012, 511),
(193, '2004款 TT Coupe 1.8T', 2004, 148),
(619, '2004款 TT Roadster 1.8T', 2004, 148),
(1772, '2004款 TT Coupe 3.2', 2004, 148),
(745, '2004款 TT Roadster 3.2', 2004, 148),
(4081, '2008款 TT 3.2 Quattro', 2008, 148),
(4082, '2008款 TT Coupe 2.0TFSI', 2008, 148),
(4583, '2008款 TT Roadster 2.0TFSI', 2008, 148),
(4245, '2008款 TTS Coupe 2.0TFSI quattro', 2008, 148),
(2607, '2008款 TTS Roadster 2.0TFSI quattro', 2008, 148),
(6952, '2010款 TT典藏版 2.0TFSI', 2010, 148),
(9047, '2011款 TT Coupe 2.0TFSI', 2011, 148),
(9048, '2011款 TT Roadster 2.0TFSI', 2011, 148),
(7834, '2011款 TTS Coupe 2.0TFSI quattro', 2011, 148),
(7480, '2011款 TTS Roadster 2.0TFSI quattro', 2011, 148),
(11145, '2011款 38S', 2011, 2444),
(10979, '2011款 40S', 2011, 2444),
(11682, '2011款 60S', 2011, 2444),
(10604, '2011款 1.5L 手动标准型', 2011, 2236),
(10605, '2011款 1.5L 手动舒适型', 2011, 2236),
(10567, '2011款 1.5L 手动精英型', 2011, 2236),
(2807, '2007款 120i 五门版', 2007, 373),
(2806, '2007款 120i 三门版', 2007, 373),
(2808, '2007款 120d 五门版', 2007, 373),
(3151, '2007款 135 Coupe', 2007, 373),
(3936, '2008款 120i 手动挡', 2008, 373),
(1383, '2008款 120i 自动挡', 2008, 373),
(1857, '2008款 130i 自动挡', 2008, 373),
(7089, '2010款 120i巧克力限量版', 2010, 373),
(8206, '2010款 120i运动限量版', 2010, 373),
(8934, '2011款 120i 双门轿跑车', 2011, 373),
(8935, '2011款 120i 敞篷轿跑车', 2011, 373),
(11555, '2012款 116i 都市型', 2012, 373),
(10315, '2012款 118i 运动型', 2012, 373),
(821, '2004款 318i', 2004, 66),
(554, '2004款 325i', 2004, 66),
(1985, '2005款 320i时尚型银内饰', 2005, 66),
(3995, '2005款 320i时尚型木内饰', 2005, 66),
(1986, '2005款 325i时尚型', 2005, 66),
(1859, '2005款 325i领先型', 2005, 66),
(1858, '2005款 320i领先型', 2005, 66),
(3200, '2007款 320i豪华型', 2007, 66),
(3193, '2007款 325i豪华运动型', 2007, 66),
(3994, '2008款 320i进取型', 2008, 66),
(3627, '2008款 325i时尚型', 2008, 66),
(3628, '2008款 325i领先型', 2008, 66),
(5485, '2009款 318i进取型', 2009, 66),
(4713, '2009款 318i领先型', 2009, 66),
(4883, '2009款 320i时尚型', 2009, 66),
(4714, '2009款 320i豪华型', 2009, 66),
(4882, '2009款 325i时尚型', 2009, 66),
(4715, '2009款 325i豪华型', 2009, 66),
(5389, '2009款 325i M运动型', 2009, 66),
(5788, '2009款 325i iSports', 2009, 66),
(5869, '2010款 318i进取型', 2010, 66),
(5870, '2010款 318i领先型', 2010, 66),
(5871, '2010款 320i时尚型', 2010, 66),
(5872, '2010款 320i豪华型', 2010, 66),
(8113, '2010款 320i世博版', 2010, 66),
(5873, '2010款 325i时尚型', 2010, 66),
(5874, '2010款 325i豪华型', 2010, 66),
(5875, '2010款 325i M运动型', 2010, 66),
(8879, '2011款 318i领先型', 2011, 66),
(8880, '2011款 320i时尚型', 2011, 66),
(8881, '2011款 320i豪华型', 2011, 66),
(8882, '2011款 325i时尚型', 2011, 66),
(8883, '2011款 325i豪华型', 2011, 66),
(8884, '2011款 325i M运动型', 2011, 66),
(11345, '2012款 318i领先型', 2012, 66),
(11348, '2012款 320i时尚型', 2012, 66),
(11339, '2012款 320i豪华型', 2012, 66),
(11349, '2012款 325i时尚型', 2012, 66),
(11350, '2012款 325i豪华型', 2012, 66),
(11351, '2012款 325i M运动型', 2012, 66),
(1218, '2004款 330Ci', 2004, 317),
(1673, '2005款 E90 320i', 2005, 317),
(1839, '2005款 E90 325i', 2005, 317),
(1370, '2005款 330i', 2005, 317),
(2021, '2006款 320i典雅型', 2006, 317),
(2423, '2006款 335i Coupe', 2006, 317),
(8116, '2006款 325i旅行版', 2006, 317),
(2803, '2007款 335i Convertible', 2007, 317),
(3115, '2007款 325i双门轿跑车', 2007, 317),
(3113, '2007款 325i敞篷轿跑车', 2007, 317),
(3116, '2007款 330i双门轿跑车', 2007, 317),
(3114, '2007款 330i敞篷轿跑车', 2007, 317),
(3537, '2008款 325i 6MT', 2008, 317),
(3996, '2008款 325i典雅型', 2008, 317),
(4737, '2008款 330i双门轿跑车', 2008, 317),
(5537, '2009款 320i双门轿跑车', 2009, 317),
(6573, '2009款 320i敞篷轿跑版', 2009, 317),
(6881, '2009款 325i双门轿跑车', 2009, 317),
(6882, '2009款 325i敞篷轿跑车', 2009, 317),
(6883, '2009款 330i双门轿跑车', 2009, 317),
(6884, '2009款 330i敞篷轿跑车', 2009, 317),
(4740, '2009款 325i MT典雅型', 2009, 317),
(4381, '2009款 335i', 2009, 317),
(7033, '2010款 320i豪华型', 2010, 317),
(6968, '2010款 325i豪华型', 2010, 317),
(8885, '2011款 325i MT典雅型', 2011, 317),
(7449, '2011款 320i双门轿跑车', 2011, 317),
(7450, '2011款 320i敞篷轿跑版', 2011, 317),
(7451, '2011款 325i双门轿跑车', 2011, 317),
(6574, '2011款 325i敞篷轿跑版', 2011, 317),
(7452, '2011款 330i双门轿跑车', 2011, 317),
(6575, '2011款 330i敞篷轿跑版', 2011, 317),
(7017, '2011款 335i双门轿跑车', 2011, 317),
(7018, '2011款 335i敞篷轿跑车', 2011, 317),
(11352, '2012款 325i MT典雅型', 2012, 317),
(11353, '2012款 335i', 2012, 317),
(978, '2004款 520i', 2004, 65),
(979, '2004款 525i', 2004, 65),
(1657, '2005款 520i', 2005, 65),
(1658, '2005款 525i', 2005, 65),
(1659, '2005款 530i', 2005, 65),
(2171, '2006款 523i典雅型', 2006, 65),
(2068, '2006款 523i豪华型', 2006, 65),
(2613, '2006款 523Li豪华型', 2006, 65),
(2614, '2006款 525Li豪华型', 2006, 65),
(2022, '2006款 530i', 2006, 65),
(2592, '2006款 530Li豪华型', 2006, 65),
(2843, '2007款 523Li典雅型', 2007, 65),
(2844, '2007款 525Li典雅型', 2007, 65),
(2845, '2007款 530Li典雅型', 2007, 65),
(4142, '2008款 523Li标准型', 2008, 65),
(3712, '2008款 523Li典雅型', 2008, 65),
(3725, '2008款 523Li领先型', 2008, 65),
(3713, '2008款 523Li豪华型', 2008, 65),
(3727, '2008款 525Li典雅型', 2008, 65),
(3397, '2008款 525Li豪华型', 2008, 65),
(3729, '2008款 530Li典雅型', 2008, 65),
(3728, '2008款 530Li领先型', 2008, 65),
(3398, '2008款 530Li豪华型', 2008, 65),
(5534, '2009款 520Li领先型', 2009, 65),
(4982, '2009款 523Li标准型', 2009, 65),
(4983, '2009款 523Li领先型', 2009, 65),
(4987, '2009款 523Li豪华型', 2009, 65),
(4989, '2009款 525Li领先型', 2009, 65),
(4990, '2009款 525Li豪华型', 2009, 65),
(4992, '2009款 530Li领先型', 2009, 65),
(4993, '2009款 530Li豪华型', 2009, 65),
(5836, '2010款 520Li领先型', 2010, 65),
(5837, '2010款 520Li豪华型', 2010, 65),
(5838, '2010款 523Li标准型', 2010, 65),
(5839, '2010款 523Li领先型', 2010, 65),
(5840, '2010款 523Li豪华型', 2010, 65),
(5841, '2010款 525Li领先型', 2010, 65),
(5842, '2010款 525Li豪华型', 2010, 65),
(5843, '2010款 530Li领先型', 2010, 65),
(5844, '2010款 530Li豪华型', 2010, 65),
(9202, '2011款 520Li典雅型', 2011, 65),
(8765, '2011款 523Li领先型', 2011, 65),
(8229, '2011款 523Li豪华型', 2011, 65),
(8775, '2011款 528Li领先型', 2011, 65),
(7424, '2011款 528Li豪华型', 2011, 65),
(8776, '2011款 535Li领先型', 2011, 65),
(7436, '2011款 535Li豪华型', 2011, 65),
(8236, '2011款 535Li行政型', 2011, 65),
(11222, '2012款 520Li典雅型', 2012, 65),
(11223, '2012款 523Li领先型', 2012, 65),
(11224, '2012款 523Li豪华型', 2012, 65),
(11225, '2012款 530Li领先型', 2012, 65),
(11226, '2012款 530Li豪华型', 2012, 65),
(11227, '2012款 535Li领先型', 2012, 65),
(11228, '2012款 535Li豪华型', 2012, 65),
(11229, '2012款 535Li行政型', 2012, 65),
(6893, '以往经典版', 2001, 202),
(543, '2004款 545i', 2004, 202),
(2076, '2006款 550i', 2006, 202),
(4939, '2010款 GT 535i领先型', 2010, 202),
(6526, '2010款 GT 535i豪华型', 2010, 202),
(6500, '2010款 GT 550i豪华型', 2010, 202),
(7535, '2010款 GT 550i xDrive', 2010, 202),
(10459, '2011款 523i 领先型', 2011, 202),
(8240, '2011款 535i 领先运动型', 2011, 202),
(8239, '2011款 535i 豪华运动型', 2011, 202),
(10460, '2011款 535i xDrive豪华型', 2011, 202),
(9381, '2011款 GT 535i典雅型', 2011, 202),
(10285, '2011款 GT 535i xDrive豪华型', 2011, 202),
(11406, '2012款 530i领先型 旅行版', 2012, 202),
(1006, '2004款 645Ci', 2004, 270),
(2166, '2006款 630i双门轿跑车', 2006, 270),
(2167, '2006款 630i敞篷轿跑车', 2006, 270),
(2168, '2006款 650i双门轿跑车', 2006, 270),
(2169, '2006款 650i敞篷轿跑车', 2006, 270),
(6661, '2007款 630i敞篷轿跑车', 2007, 270),
(3141, '2007款 650i敞篷轿跑车', 2007, 270),
(6660, '2007款 630i双门轿跑车', 2007, 270),
(3140, '2007款 650i双门轿跑车', 2007, 270),
(9401, '2011款 640i敞篷轿跑车', 2011, 270),
(8977, '2011款 650i敞篷轿跑车', 2011, 270),
(10421, '2012款 640i双门轿跑车', 2012, 270),
(9664, '2012款 650i双门轿跑车', 2012, 270),
(472, '2004款 730Li', 2004, 153),
(485, '2004款 735Li', 2004, 153),
(486, '2004款 745Li', 2004, 153),
(992, '2004款 760Li', 2004, 153),
(1677, '2005款 730Li', 2005, 153),
(1678, '2005款 740Li', 2005, 153),
(1679, '2005款 750Li', 2005, 153),
(1680, '2005款 760Li', 2005, 153),
(3139, '2007款 730Li减配版', 2007, 153),
(4291, '2008款 730Li经典版', 2008, 153),
(6773, '2008款 730Li领先型', 2008, 153),
(5707, '2009款 730Li领先型', 2009, 153),
(5708, '2009款 730Li豪华型', 2009, 153),
(5154, '2009款 740Li领先型', 2009, 153),
(4833, '2009款 740Li豪华型', 2009, 153),
(4834, '2009款 740Li尊贵型', 2009, 153),
(4629, '2009款 750Li领先型', 2009, 153),
(4835, '2009款 750Li豪华型', 2009, 153),
(4836, '2009款 750Li尊贵型', 2009, 153),
(9526, '2010款 750Li', 2010, 153),
(5264, '2010款 760Li', 2010, 153),
(6553, '2010款 760Li中国60周年庆典版', 2010, 153),
(5877, '2010款 4.4T 混合动力版', 2010, 153),
(10731, '2011款 730Li典雅型', 2011, 153),
(10283, '2011款 740Li 施坦威限量版', 2011, 153),
(10286, '2011款 750Li xDrive', 2011, 153),
(10127, '2011款 760Li 施坦威限量版', 2011, 153),
(11425, '2012款 760Li 25周年限量版', 2012, 153),
(9855, '2001款 M3', 2001, 2196),
(9856, '2001款 M3 Convertible', 2001, 2196),
(9858, '2003款 M3 CSL', 2003, 2196),
(6900, 'M3 以往经典版', 2004, 2196),
(6901, 'M5 以往经典版', 2004, 2196),
(1708, '2005款 M5', 2005, 2196),
(2085, '2006款 M6', 2006, 2196),
(4453, '2009款 M3四门轿车', 2009, 2196),
(4454, '2009款 M3双门轿跑车', 2009, 2196),
(4469, '2009款 M3敞篷轿跑车', 2009, 2196),
(8451, '2010款 M3 25周年限量珍藏版', 2010, 2196),
(8320, '2010款 X5 M', 2010, 2196),
(8321, '2010款 X6 M', 2010, 2196),
(9094, '2011款 1M Coupe', 2011, 2196),
(10277, '2011款 M3双门碳纤顶版', 2011, 2196),
(10342, '2012款 M5', 2012, 2196),
(7528, '2010款 sDrive18i豪华型', 2010, 675),
(7529, '2010款 xDrive25i', 2010, 675),
(4479, '2010款 xDrive28i', 2010, 675),
(11651, '2012款 xDrive20i', 2012, 675),
(9374, '2012款  xDrive28i', 2012, 675),
(2186, '2006款 2.5i', 2006, 271),
(1002, '2006款 3.0i', 2006, 271),
(2732, '2006款 xDrive25i', 2006, 271),
(2407, '2006款 xDrive30i', 2006, 271),
(6772, '2006款 xDrive25si', 2006, 271),
(4930, '2008款 xDrive25i领先型', 2008, 271),
(4931, '2008款 xDrive25i豪华型', 2008, 271),
(5490, '2009款 xDrive25i豪华增配型', 2009, 271),
(4932, '2009款 xDrive30i', 2009, 271),
(6474, '2010款 xDrive30i探索版', 2010, 271),
(9737, '2011款 xDrive28i 领先型', 2011, 271),
(9738, '2011款 xDrive28i 豪华型', 2011, 271),
(8151, '2011款 xDrive35i 豪华型', 2011, 271),
(770, '2004款 4.6is', 2004, 159),
(1112, '2006款 3.0i', 2006, 159),
(553, '2006款 4.4i', 2006, 159),
(1196, '2006款 4.8is', 2006, 159),
(5172, '2008款 xDrive30i典雅型', 2008, 159),
(3751, '2008款 xDrive30i领先型', 2008, 159),
(2657, '2008款 xDrive30i豪华型', 2008, 159),
(3752, '2008款 xDrive48i领先型', 2008, 159),
(2494, '2008款 xDrive48i豪华型', 2008, 159),
(5792, '2009款 xDrive30i领先型', 2009, 159),
(5793, '2009款 xDrive30i豪华型', 2009, 159),
(5794, '2009款 xDrive30i尊贵型', 2009, 159),
(5795, '2009款 xDrive48i领先型', 2009, 159),
(5796, '2009款 xDrive48i豪华型', 2009, 159),
(6729, '2010款 xDrive30i豪华型十周年纪念版', 2010, 159),
(6730, '2010款 xDrive30i尊贵型十周年纪念版', 2010, 159),
(5240, '2010款 X5 M', 2010, 159),
(8006, '2011款 xDrive35i 领先型', 2011, 159),
(8007, '2011款 xDrive35i 豪华型', 2011, 159),
(10550, '2011款 xDrive35i M运动型', 2011, 159),
(8008, '2011款 xDrive50i 领先型', 2011, 159),
(7606, '2011款  xDrive35i 尊贵型', 2011, 159),
(7111, '2011款  xDrive50i 豪华型', 2011, 159),
(3701, '2008款 xDrive35i', 2008, 587),
(4871, '2008款 xDrive50i', 2008, 587),
(5790, '2009款 xDrive35i', 2009, 587),
(5791, '2009款 xDrive50i', 2009, 587),
(5876, '2010款 4.4T 混合动力版', 2010, 587),
(5241, '2010款 X6 M', 2010, 587),
(8021, '2011款 xDrive35i', 2011, 587),
(8029, '2011款 xDrive50i', 2011, 587),
(547, '2004款 3.0i', 2004, 161),
(1921, '2005款 Coupe M', 2005, 161),
(2334, '2006款 2.5si敞篷跑车', 2006, 161),
(2335, '2006款 3.0si敞篷跑车', 2006, 161),
(2944, '2007款 3.0si双门跑车', 2007, 161),
(5529, '2009款 sDrive23i领先型', 2009, 161),
(5528, '2009款 sDrive30i锋尚型', 2009, 161),
(4751, '2009款 sDrive35i锋尚型', 2009, 161),
(7770, '2010款 sDrive30i领先型', 2010, 161),
(7769, '2010款 sDrive35i豪华型', 2010, 161),
(10775, '2011款 sDrive23i烈焰限量版', 2011, 161),
(7170, '2011款 sDrive35is', 2011, 161),
(9205, '2011款 sDrive35is烈焰极致版', 2011, 161),
(11338, '2012款 sDrive20i领先型', 2012, 161),
(10727, '2012款 sDrive28i领先型', 2012, 161),
(11346, '2012款 sDrive35i豪华型', 2012, 161),
(11347, '2012款 sDrive35is', 2012, 161),
(5374, '2003款 基本型', 2003, 847),
(1419, '2004款 Boxster 2.7', 2004, 168),
(1420, '2004款 Boxster S 3.2', 2004, 168),
(515, '2004款 Boxster Cabriolet 2.7', 2004, 168),
(2467, '2006款 Boxster 2.7', 2006, 168),
(2468, '2006款 Boxster S 3.2', 2006, 168),
(5054, '2009款 Boxster 2.9', 2009, 168),
(5055, '2009款 Boxster S 3.4', 2009, 168),
(4674, '2009款 Boxster S 3.4 Porsche Design Edition 2', 2009, 168),
(6373, '2010款 Boxster Spyder', 2010, 168),
(481, '2004款 Carrera Coupe MT 3.6L', 2004, 162),
(480, '2004款 Carrera S Coupe 3.6L', 2004, 162),
(1774, '2004款 Turbo S 3.6T', 2004, 162),
(473, '2004款 Targa 3.6L', 2004, 162),
(1151, '2005款 Turbo 3.6T', 2005, 162),
(1734, '2005款 Carrera MT 3.6L', 2005, 162),
(1150, '2005款 Carrera S MT 3.8L', 2005, 162),
(1981, '2005款 Carrera 4 MT 3.6L', 2005, 162),
(2475, '2005款 Carrera 4 AT 3.6L', 2005, 162),
(416, '2005款 Carrera 4S MT 3.8L', 2005, 162),
(1733, '2005款 Carrera Cabriolet MT 3.6L', 2005, 162),
(1982, '2005款 Carrera 4 Cabriolet MT 3.6L', 2005, 162),
(1983, '2005款 Carrera 4S Cabriolet MT 3.8L', 2005, 162),
(2470, '2006款 Carrera AT 3.6L', 2006, 162),
(2471, '2006款 Carrera S AT 3.8L', 2006, 162),
(2477, '2006款 Carrera 4S AT 3.8L', 2006, 162),
(2472, '2006款 Carrera Cabriolet AT 3.6L', 2006, 162),
(2473, '2006款 Carrera S Cabriolet MT 3.8L', 2006, 162),
(2476, '2006款 Carrera 4 Cabriolet AT 3.6L', 2006, 162),
(2474, '2006款 Carrera S Cabriolet AT 3.8L', 2006, 162),
(2478, '2006款 Carrera 4S Cabriolet AT 3.8L', 2006, 162),
(2392, '2006款 Turbo 3.6T', 2006, 162),
(2479, '2006款 Turbo AT 3.6T', 2006, 162),
(4185, '2006款 Turbo Cabriolet AT 3.6T', 2006, 162),
(2433, '2006款 Targa 4 3.6L', 2006, 162),
(2434, '2006款 Targa 4S 3.8L', 2006, 162),
(3022, '2007款 Turbo Cabriolet 3.6T', 2007, 162),
(4426, '2008款 Carrera 3.6L', 2008, 162),
(4425, '2008款 Carrera S 3.8L', 2008, 162),
(4422, '2008款 Carrera 4 3.6L', 2008, 162),
(4421, '2008款 Carrera 4S 3.8L', 2008, 162),
(4424, '2008款 Carrera Cabriolet 3.6L', 2008, 162),
(4423, '2008款 Carrera S Cabriolet 3.8L', 2008, 162),
(4420, '2008款 Carrera 4 Cabriolet 3.6L', 2008, 162),
(4419, '2008款 Carrera 4S Cabriolet 3.8L', 2008, 162),
(6441, '2010款 Carrera 4 3.6L', 2010, 162),
(6442, '2010款 Carrera 4S 3.8L', 2010, 162),
(6443, '2010款 Carrera Cabriolet 3.6L', 2010, 162),
(6444, '2010款 Carrera S Cabriolet 3.8L', 2010, 162),
(6445, '2010款 Carrera 4 Cabriolet 3.6L', 2010, 162),
(6446, '2010款 Carrera 4S Cabriolet 3.8L', 2010, 162),
(6447, '2010款 Targa 4 3.6L', 2010, 162),
(6448, '2010款 Targa 4S 3.8L', 2010, 162),
(5821, '2010款 Turbo 3.8T', 2010, 162),
(7113, '2010款 Turbo S', 2010, 162),
(5822, '2010款 Turbo Cabriolet 3.8T', 2010, 162),
(4418, '2010款 GT2 3.6T', 2010, 162),
(7316, '2010款 Turbo S Cabriolet', 2010, 162),
(6433, '2010款 Carrera 3.6L', 2010, 162),
(6436, '2010款 Carrera S 3.8L', 2010, 162),
(8614, '2010款 Carrera S 3.8L PCCA', 2010, 162),
(9235, '2011款 Edition Style 硬顶版', 2011, 162),
(9095, '2011款 Edition Style 敞篷版', 2011, 162),
(8517, '2011款 Carrera GTS 3.8L', 2011, 162),
(10057, '2011款 Carrera GTS Cabriolet 3.8L', 2011, 162),
(10150, '2011款 Carrera 4 GTS Coupe', 2011, 162),
(10153, '2011款 Carrera 4 GTS 敞篷版', 2011, 162),
(10690, '2012款 Carrera 3.4L', 2012, 162),
(10647, '2012款 Carrera S 3.8L', 2012, 162),
(1394, '2004款 5.7 基本型', 2004, 393),
(1688, '2005款 Cayman S MT 3.4', 2005, 415),
(2548, '2006款 Cayman 2.7', 2006, 415),
(4452, '2006款 Cayman S 3.4', 2006, 415),
(2469, '2006款 Cayman S AT 3.4', 2006, 415),
(4675, '2008款 Cayman S Sport 3.4', 2008, 415),
(5057, '2009款 Cayman 2.9', 2009, 415),
(5058, '2009款 Cayman S 3.4', 2009, 415),
(10113, '2012款 Cayman Black Edition', 2012, 415),
(8976, '2012款 Cayman R', 2012, 415),
(2480, '2006款 Cayenne 3.2 MT', 2006, 172),
(501, '2006款 Cayenne 3.2 AT', 2006, 172),
(2481, '2006款 Cayenne S 4.5 MT', 2006, 172),
(579, '2006款 Cayenne S 4.5 AT', 2006, 172),
(578, '2006款 Cayenne Turbo 4.5', 2006, 172),
(2207, '2006款 Cayenne Turbo S 4.5', 2006, 172),
(2810, '2007款 Cayenne 3.6', 2007, 172),
(2811, '2007款 Cayenne S 4.8', 2007, 172),
(2812, '2007款 Cayenne Turbo 4.8T', 2007, 172),
(3834, '2008款 Cayenne GTS 4.8', 2008, 172),
(3859, '2008款 Cayenne Turbo S 4.8T', 2008, 172),
(5204, '2009款 Cayenne S Transsyberia 4.8', 2009, 172),
(7697, '2011款 Cayenne', 2011, 172),
(7168, '2011款 Cayenne S Hybrid', 2011, 172),
(7698, '2011款 Cayenne S', 2011, 172),
(7172, '2011款 Cayenne Turbo', 2011, 172),
(8670, '2010款 Panamera 3.6L', 2010, 703),
(7696, '2010款 Panamera 4 3.6L', 2010, 703),
(4976, '2010款 Panamera S 4.8L', 2010, 703),
(4975, '2010款 Panamera 4S 4.8L', 2010, 703),
(4705, '2010款 Panamera Turbo 4.8T', 2010, 703),
(9477, '2012款 Panamera S Hybrid', 2012, 703),
(9783, '2012款 Panamera Turbo S', 2012, 703),
(5494, '2009款 2.2 两驱', 2009, 852),
(5390, '2009款 2.2 四驱', 2009, 852),
(6686, '2011款 2.0 两驱舒适型', 2011, 852),
(9357, '2011款 2.0 两驱豪华型', 2011, 852),
(6687, '2011款 2.2 四驱豪华型', 2011, 852),
(9352, '2011款 2.0 两驱都市版舒适型', 2011, 2126),
(9353, '2011款 2.0 两驱都市版豪华型', 2011, 2126),
(9354, '2011款 2.4 两驱运动版舒适型', 2011, 2126),
(9355, '2011款 2.4 两驱运动版豪华型', 2011, 2126),
(9356, '2011款 2.4 四驱精英版舒适型', 2011, 2126),
(7610, '2011款 2.4 四驱精英版豪华型', 2011, 2126),
(6341, '2005款 2.2 角斗士', 2005, 965),
(6342, '2010款 硬顶版', 2010, 965),
(11283, '2010款 CK', 2010, 965),
(11284, '2010款 角斗士', 2010, 965),
(2946, '2007款 E 63 AMG', 2007, 2197),
(2945, '2007款 S 65 AMG', 2007, 2197),
(8326, '2007款 G 55 AMG', 2007, 2197),
(8322, '2007款 ML 63 AMG', 2007, 2197),
(4189, '2008款 CLS 63 AMG', 2008, 2197),
(5301, '2009款 C 63 AMG 动感型', 2009, 2197),
(5300, '2009款 SL 63 AMG', 2009, 2197),
(8324, '2009款 G 55 AMG', 2009, 2197),
(5299, '2009款 SLK 55 AMG', 2009, 2197),
(8473, '2010款 C 63 AMG 动感型增强版', 2010, 2197),
(8474, '2010款 C 63 AMG 高性能版', 2010, 2197),
(5922, '2010款 S 65 AMG', 2010, 2197),
(8077, '2010款 SLK 55 AMG', 2010, 2197),
(8550, '2011款 SLS AMG', 2011, 2197),
(8323, '2011款 ML 63 AMG', 2011, 2197),
(8964, '2012款 CLS 63 AMG', 2012, 2197),
(217, '2004款 A 160', 2004, 52),
(8379, '2011款 A 160', 2011, 52),
(8961, '2011款 A 180', 2011, 52),
(1405, '2009款 B 200 动感型', 2009, 398),
(4716, '2009款 B 200 时尚型', 2009, 398),
(7114, '2009款 B 200 豪华型', 2009, 398),
(807, '2004款 240 跑车版', 2004, 235),
(209, '2004款 240 敞蓬版', 2004, 235),
(2195, '2006款 CLK 200K 双门轿跑车', 2006, 235),
(2198, '2006款 CLK 200K 敞篷跑车', 2006, 235),
(2196, '2006款 CLK 280 双门轿跑车', 2006, 235),
(2199, '2006款 CLK 280 敞篷跑车', 2006, 235),
(2197, '2006款 CLK 350 双门轿跑车', 2006, 235),
(2200, '2006款 CLK 350 敞篷跑车', 2006, 235),
(1365, '2007款 CLS 350', 2007, 365),
(1366, '2007款 CLS 500', 2007, 365),
(4311, '2008款 CLS 350', 2008, 365),
(4312, '2008款 CLS 500', 2008, 365),
(5912, '2009款 CLS 300', 2009, 365),
(5925, '2009款 CLS 350', 2009, 365),
(5926, '2009款 CLS 500', 2009, 365),
(11088, '2012款 CLS 300 CGI', 2012, 365),
(8377, '2012款 CLS 350 CGI', 2012, 365),
(4556, '2008款 CL 600', 2008, 683),
(4309, '2008款 C200K 标准型', 2008, 588),
(3730, '2008款 C200K 优雅型', 2008, 588),
(3731, '2008款 C200K 时尚型', 2008, 588),
(4066, '2008款 C230 时尚型', 2008, 588),
(3732, '2008款 C280 时尚型', 2008, 588),
(6631, '2010款 C200K 标准型', 2010, 588),
(6927, '2010款 C200K 时尚型', 2010, 588),
(6630, '2010款 C260 时尚型', 2010, 588),
(7577, '2010款 C180K 经典型', 2010, 588),
(8162, '2010款 C200 CGI 优雅型', 2010, 588),
(8163, '2010款 C200 CGI 时尚型', 2010, 588),
(8164, '2010款 C260 CGI 时尚型', 2010, 588),
(9032, '2010款 C260 CGI 运动型', 2010, 588),
(6926, '2010款 C300 时尚型', 2010, 588),
(7576, '2010款 C300 运动型', 2010, 588),
(9996, '2011款 C180K 经典型', 2011, 588),
(9959, '2011款 C200 CGI 优雅型', 2011, 588),
(10356, '2011款 C200 CGI 时尚型', 2011, 588),
(10365, '2011款 C260 CGI 时尚型', 2011, 588),
(9960, '2011款 C300 时尚型', 2011, 588),
(961, '2004款 C 200K', 2004, 56),
(1286, '2005款 C 200K Coupe', 2005, 56),
(2173, '2006款 C 230 时尚型', 2006, 56),
(2172, '2006款 C 200K Coupe', 2006, 56),
(2183, '2006款 C 230 优雅型', 2006, 56),
(3411, '2007款 C 200K 优雅型', 2007, 56),
(2795, '2007款 C 200K 时尚型', 2007, 56),
(2797, '2007款 C 280 时尚型', 2007, 56),
(7578, '2010款 C200 CGI旅行版', 2010, 56),
(7902, '2010款 C300 旅行版', 2010, 56),
(10304, '2011款 C200 时尚旅行版', 2011, 56),
(9239, '2011款 C200 豪华运动旅行版', 2011, 56),
(1988, '2005款 E200K', 2005, 197),
(1852, '2005款 E280', 2005, 197),
(2676, '2006款 E280优雅型', 2006, 197),
(2190, '2006款 E350时尚型', 2006, 197),
(2152, '2006款 E350优雅型', 2006, 197),
(2191, '2006款 E500时尚型', 2006, 197),
(2192, '2006款 E500优雅型', 2006, 197),
(3165, '2007款 E230时尚型', 2007, 197),
(4146, '2007款 E230优雅型', 2007, 197),
(2675, '2007款 E200K优雅型', 2007, 197),
(2677, '2007款 E350时尚型', 2007, 197),
(3181, '2007款 E280时尚型', 2007, 197),
(6810, '2008款 E230时尚型', 2008, 197),
(4268, '2008款 E280个性运动版', 2008, 197),
(7719, '2010款 E260L CGI优雅型', 2010, 197),
(7366, '2010款 E300L 时尚型', 2010, 197),
(9713, '2011款 E200L CGI优雅型', 2011, 197),
(7707, '2011款 E260L CGI时尚型', 2011, 197),
(10950, '2011款 E300L 优雅型', 2011, 197),
(9111, '2011款 E300L 时尚尊贵型', 2011, 197),
(6848, '2003款 E 320', 2003, 450),
(6793, '2004款 E 240', 2004, 450),
(2201, '2006款 E 350 时尚型', 2006, 450),
(2202, '2006款 E 350 优雅型', 2006, 450),
(2203, '2006款 E 500 时尚型', 2006, 450),
(2204, '2006款 E 500 优雅型', 2006, 450),
(4962, '2009款 E 350 Coupe', 2009, 450),
(5577, '2009款 E 300 优雅型', 2009, 450),
(5576, '2009款 E 300 时尚型', 2009, 450),
(6538, '2010款 E 200 CGI 优雅型', 2010, 450),
(6540, '2010款 E 260 CGI 时尚型', 2010, 450),
(6856, '2010款 E 300 优雅型豪华版', 2010, 450),
(6857, '2010款 E 300 时尚型豪华版', 2010, 450),
(6737, '2010款 E 350 敞篷版', 2010, 450),
(8317, '2010款 E 260 CGI 敞篷版', 2010, 450),
(6541, '2010款 E 260 CGI Coupe', 2010, 450),
(11501, '2011款 E 260 CGI Coupe', 2011, 450),
(11502, '2011款 E 260 CGI 敞篷版', 2011, 450),
(3901, '2008款 GLK 300 4MATIC 豪华型', 2008, 595),
(3903, '2008款 GLK 350 4MATIC', 2008, 595),
(7211, '2010款 GLK 300 4MATIC 时尚型', 2010, 595),
(8548, '2011款 GLK 300 4MATIC 动感型', 2011, 595),
(8612, '2011款 GLK 300 4MATIC 时尚型', 2011, 595),
(8152, '2011款 GLK 300 4MATIC 豪华型', 2011, 595),
(6726, '2011款 GLK 350 4MATIC', 2011, 595),
(2466, '2006款 GL 450 4MATIC', 2006, 467),
(4643, '2008款 GL 450 4MATIC经典型', 2008, 467),
(4644, '2008款 GL 450 4MATIC尊贵型', 2008, 467),
(10257, '2011款 GL 450 尊贵型 Grand Edition', 2011, 467),
(9207, '2011款 GL 450 4MATIC尊贵型', 2011, 467),
(323, '2004款 G 500', 2004, 60),
(2948, '2007款 G 55 AMG', 2007, 60),
(5486, '2009款 G 55 AMG', 2009, 60),
(6157, '2010款 G 500', 2010, 60),
(335, '2005款 ML 350', 2005, 57),
(343, '2005款 ML 500', 2005, 57),
(2193, '2006款 ML 350 运动型', 2006, 57),
(2174, '2006款 ML 350 尊贵型', 2006, 57),
(2175, '2006款 ML 500', 2006, 57),
(2947, '2007款 ML 63 AMG', 2007, 57),
(3586, '2008款 ML 350 4MATIC动感型', 2008, 57),
(3587, '2008款 ML 350 4MATIC豪华型', 2008, 57),
(3619, '2008款 ML 500 4MATIC', 2008, 57),
(7356, '2010款 ML 300 4MATIC', 2010, 57),
(7733, '2010款 ML 350 4MATIC豪华型', 2010, 57),
(8553, '2010款 ML 350 4MATIC豪华型特别版', 2010, 57),
(7734, '2010款 ML 500 4MATIC', 2010, 57),
(8554, '2010款 ML 500 4MATIC特别版', 2010, 57),
(2502, '2006款 R 350 4MATIC', 2006, 469),
(2503, '2006款 R 500 4MATIC', 2006, 469),
(3545, '2007款 R 350L 4MATIC', 2007, 469),
(3546, '2007款 R 500L 4MATIC', 2007, 469),
(5201, '2009款 R 300L 商务型', 2009, 469),
(4019, '2009款 R 300L 豪华型', 2009, 469),
(8551, '2010款 R 300L 商务型', 2010, 469),
(8552, '2010款 R 300L 豪华型', 2010, 469),
(8555, '2010款 R 350L 4MATIC', 2010, 469),
(8556, '2010款 R 500L 4MATIC', 2010, 469),
(7045, '2010款 R 350L 4MATIC Grand Edition', 2010, 469),
(7046, '2010款 R 500L 4MATIC Grand Edition', 2010, 469),
(996, '2004款 SLK 200K', 2004, 267),
(1368, '2004款 SLK 350', 2004, 267),
(2194, '2006款 SLK 280', 2006, 267),
(3916, '2008款 SLK 200K PASSION', 2008, 267),
(3917, '2008款 SLK 280 PASSION', 2008, 267),
(3918, '2008款 SLK 350 PASSION', 2008, 267),
(4386, '2009款 SLK 200K', 2009, 267),
(4387, '2009款 SLK 300', 2009, 267),
(5987, '2009款 SLK 300 黑白经典版', 2009, 267),
(4388, '2009款 SLK 350', 2009, 267),
(6002, '2009款 SLK 350 黑白经典版', 2009, 267),
(8076, '2010款 SLK 200K', 2010, 267),
(8073, '2010款 SLK 200K Grand Edition', 2010, 267),
(8074, '2010款 SLK 300 Grand Edition', 2010, 267),
(8075, '2010款 SLK 350 Grand Edition', 2010, 267),
(10948, '2011款 SLK 200 时尚型', 2011, 267),
(10949, '2011款 SLK 200 豪华运动型', 2011, 267),
(9362, '2011款 SLK 350', 2011, 267),
(6321, '1955款 300 SLR 经典版', 1955, 685),
(6325, '2004款 McLaren 经典版', 2004, 685),
(10623, '2007款 Mclaren 722 Edition', 2007, 685),
(4569, '2008款 McLaren Roadster 722 S', 2008, 685),
(5129, '2009款 Stirling Moss', 2009, 685),
(11646, '1954款 300 SL Gullwing', 1954, 237),
(11647, '1955款 190 SL Roadster', 1955, 237),
(11648, '1957款 300 SL', 1957, 237),
(965, '2004款 SL 350', 2004, 237),
(775, '2004款 SL 500', 2004, 237),
(4384, '2008款 SL 350', 2008, 237),
(4385, '2008款 SL 500', 2008, 237),
(6899, '2010款 SL 300', 2010, 237),
(6931, '2010款 SL 350', 2010, 237),
(7732, '2010款 SL 500', 2010, 237),
(10547, '2011款 SL 300 Grand Edition', 2011, 237),
(10548, '2011款 SL 350 Grand Edition', 2011, 237),
(10549, '2011款 SL 500 Grand Edition', 2011, 237),
(8228, '1981款 S Coupe 基本型', 1981, 59),
(1738, '2004款 S 280', 2004, 59),
(546, '2004款 S 350', 2004, 59),
(805, '2004款 S 500', 2004, 59),
(806, '2004款 S 600', 2004, 59),
(2687, '2006款 S 300', 2006, 59),
(3714, '2008款 S 300L 商务型', 2008, 59),
(3715, '2008款 S 300L 尊贵型', 2008, 59),
(4768, '2008款 S 300L 豪华型', 2008, 59),
(1725, '2008款 S 350L 豪华型', 2008, 59),
(4766, '2008款 S 350L 动感型', 2008, 59),
(4121, '2008款 S 350L 4MATIC', 2008, 59),
(1845, '2008款 S 500L', 2008, 59),
(4139, '2008款 S 500L 4MATIC', 2008, 59),
(2686, '2008款 S 600L', 2008, 59),
(5913, '2010款 S 300L 商务型', 2010, 59),
(5914, '2010款 S 300L 尊贵型', 2010, 59),
(5915, '2010款 S 300L 豪华型', 2010, 59),
(5919, '2010款 S 500L', 2010, 59),
(4963, '2010款 S 400L Hybrid', 2010, 59),
(5921, '2010款 S 600L', 2010, 59),
(5916, '2010款 S 350L 豪华型', 2010, 59),
(5918, '2010款 S 350L 4MATIC', 2010, 59),
(5920, '2010款 S 500L 4MATIC', 2010, 59),
(9941, '2011款 S 350L CGI', 2011, 59),
(9916, '2011款 S 350L CGI 4MATIC', 2011, 59),
(9915, '2011款 S 500L CGI 4MATIC', 2011, 59),
(11380, '2012款 14座 中轴版', 2012, 2564),
(11381, '2012款 17座 长轴版', 2012, 2564),
(11382, '2012款 17座 长轴加长版', 2012, 2564),
(6775, '2009款 增配版', 2009, 2005),
(7345, '2010款 2.2T 柴油精英版', 2010, 2084),
(7346, '2010款 2.2T 柴油商务版', 2010, 2084),
(7348, '2010款 2.5L 精英版', 2010, 2084),
(7347, '2010款 2.5L 商务版', 2010, 2084),
(9900, '2011款 2.5L 商务版8座', 2011, 2084),
(9849, '2011款 2.5L 精英版9座', 2011, 2084),
(765, '2004款 VITO 2.3', 2004, 192),
(7246, '2010款 VITO 3.2 紧凑型', 2010, 192),
(7247, '2010款 VITO 3.2 长型', 2010, 192),
(7248, '2010款 VITO 3.2 加长型', 2010, 192),
(6947, '2010款 2.5L 豪华版', 2010, 2034),
(7344, '2010款 2.5L 尊贵版', 2010, 2034),
(9850, '2011款 2.5L 豪华版', 2011, 2034),
(9896, '2011款 2.5L 尊贵版', 2011, 2034),
(9898, '2011款 2.5L 领航版', 2011, 2034),
(9140, '2011款 2.5L 限量版', 2011, 2034),
(1141, '2004款 Viano 3.2', 2004, 300),
(2437, '2006款 Viano 3.2', 2006, 300),
(7245, '2010款 Viano 3.2', 2010, 300),
(8729, '2010款 Viano 3.5', 2010, 300),
(10975, '2011款 3.5 125周年纪念版 6座', 2011, 300),
(11144, '2011款 3.5 125周年纪念版 7座', 2011, 300),
(5463, '2009款 1.6MT豪华型', 2009, 632),
(5465, '2009款 1.6MT尊贵型', 2009, 632),
(5464, '2009款 1.6AT豪华型', 2009, 632),
(3922, '2009款 1.6AT尊贵型', 2009, 632),
(5466, '2009款 1.6AT 3G型', 2009, 632),
(10724, '2011款 1.6L MT限量版', 2011, 632),
(8790, '2011款 1.6L MT时尚型', 2011, 632),
(8791, '2011款 1.6L AT时尚型', 2011, 632),
(10033, '2011款 1.6L MT天窗版', 2011, 632),
(10241, '2011款 1.6L AT天窗版', 2011, 632),
(8406, '2011款 1.6L MT豪华型', 2011, 632),
(8407, '2011款 1.6L AT豪华型', 2011, 632),
(8382, '2011款 1.6L MT尊贵型', 2011, 632),
(8408, '2011款 1.6L AT尊贵型', 2011, 632),
(8409, '2011款 1.6L AT 3G型', 2011, 632),
(11077, '2012款 1.6L MT时尚型', 2012, 632),
(11078, '2012款 1.6L AT时尚型', 2012, 632),
(11079, '2012款 1.6L MT天窗型', 2012, 632),
(11080, '2012款 1.6L AT天窗型', 2012, 632),
(11081, '2012款 1.6L MT豪华型', 2012, 632),
(11082, '2012款 1.6L AT豪华型', 2012, 632),
(11083, '2012款 1.6L MT尊贵型', 2012, 632),
(11084, '2012款 1.6L AT尊贵型', 2012, 632),
(11085, '2012款 1.6L AT 3G型', 2012, 632),
(2506, '2006款 2.0AT 舒适型', 2006, 466),
(3105, '2006款 2.0AT 特装纪念版', 2006, 466),
(2457, '2006款 2.0AT 豪华型', 2006, 466),
(2507, '2006款 2.0AT 尊贵型', 2006, 466),
(2508, '2006款 2.3AT 豪华型', 2006, 466),
(2456, '2006款 2.3AT 尊贵型', 2006, 466),
(2509, '2006款 2.3AT 导航型', 2006, 466),
(3427, '2007款 2.0 6MT舒适型', 2007, 466),
(3428, '2007款 2.0 6MT豪华型', 2007, 466),
(3214, '2007款 2.0 AT舒适型', 2007, 466),
(3215, '2007款 2.0 AT豪华型', 2007, 466),
(3216, '2007款 2.3 AT豪华型', 2007, 466),
(3217, '2007款 2.3 AT导航型', 2007, 466),
(5231, '2009款 2.0MT 特装版', 2009, 466),
(5178, '2009款 2.0MT 舒适型', 2009, 466),
(4535, '2009款 2.0MT 精英型', 2009, 466),
(5232, '2009款 2.0AT 特装版', 2009, 466),
(4536, '2009款 2.0AT 豪华型', 2009, 466),
(4537, '2009款 2.0AT 导航型', 2009, 466),
(4538, '2009款 2.3AT 豪华型', 2009, 466),
(4539, '2009款 2.3AT 导航型', 2009, 466),
(6082, '2010款 2.0MT 舒适型', 2010, 466),
(7275, '2010款 2.0MT 时尚型', 2010, 466),
(6083, '2010款 2.0MT 精英型', 2010, 466),
(6084, '2010款 2.0AT 舒适型', 2010, 466),
(7276, '2010款 2.0AT 时尚型', 2010, 466),
(6085, '2010款 2.0AT 豪华型', 2010, 466),
(6086, '2010款 2.0AT 导航型', 2010, 466),
(6087, '2010款 2.3AT 豪华型', 2010, 466),
(6088, '2010款 2.3AT 导航型', 2010, 466),
(10202, '2011款 2.0MT 时尚型', 2011, 466),
(10203, '2011款 2.0MT 精英型', 2011, 466),
(10204, '2011款 2.0AT 时尚型', 2011, 466),
(10205, '2011款 2.0AT 豪华型', 2011, 466),
(10206, '2011款 2.0AT 智领型', 2011, 466),
(10207, '2011款 2.3AT 豪华型', 2011, 466),
(10034, '2011款 2.3AT 智领型', 2011, 466),
(10208, '2011款 2.3AT 导航型', 2011, 466),
(9375, '2011款 2.3AT 特装版', 2011, 466),
(601, '2004款 2.4 豪华型', 2004, 880),
(1473, '2005款 2.4 基本型', 2005, 880),
(1474, '2005款 2.4 舒适型', 2005, 880),
(1994, '2006款 2.4 基本型', 2006, 880),
(1995, '2006款 2.4 舒适型', 2006, 880),
(1993, '2006款 2.4 豪华型', 2006, 880),
(2750, '2007款 2.4 普通版', 2007, 880),
(2751, '2007款 2.4 标准版', 2007, 880),
(2752, '2007款 2.4 舒适版', 2007, 880),
(2743, '2007款 2.4 豪华版', 2007, 880),
(3681, '2008款 2.4 普通版', 2008, 880),
(3682, '2008款 2.4 标准版', 2008, 880),
(3683, '2008款 2.4 舒适版', 2008, 880),
(3684, '2008款 2.4 豪华版', 2008, 880),
(5911, '2009款 2.4 舒适版', 2009, 880),
(5910, '2009款 2.4 豪华版', 2009, 880),
(5405, '2009款 2.4 领秀版', 2009, 880),
(10665, '2011款 2.4 劲秀 舒适版', 2011, 880),
(10666, '2011款 2.4 劲秀 豪华版', 2011, 880),
(10667, '2011款 2.4 劲秀 领秀版', 2011, 880),
(1192, '2004款 2.0', 2004, 314),
(1824, '2005款 2.0 MT', 2005, 314),
(1626, '2005款 2.0 AT', 2005, 314),
(1825, '2005款 2.4 MT', 2005, 314),
(1627, '2005款 2.4 AT', 2005, 314),
(3448, '2007款 2.0四驱经典版手动挡', 2007, 314),
(2974, '2007款 2.0四驱经典版自动挡', 2007, 314),
(3449, '2007款 2.4四驱豪华版手动挡', 2007, 314),
(2975, '2007款 2.4四驱豪华版自动挡', 2007, 314),
(2976, '2007款 2.4四驱尊贵版自动挡', 2007, 314),
(4330, '2008款 2.0两驱都市版手动挡', 2008, 314),
(3764, '2008款 2.0两驱都市版自动挡', 2008, 314),
(7249, '2010款 2.0两驱都市版手动挡', 2010, 314),
(7250, '2010款 2.0两驱都市版自动挡', 2010, 314),
(7251, '2010款 2.0四驱经典版自动挡', 2010, 314),
(7252, '2010款 2.4四驱豪华版自动挡', 2010, 314),
(7253, '2010款 2.4四驱尊贵版自动挡', 2010, 314),
(7254, '2010款 2.4四驱尊贵导航版自动挡', 2010, 314),
(5671, '以往经典版', 2001, 746),
(1136, '2004款 1.3 MT', 2004, 81),
(1146, '2004款 1.3 CVT', 2004, 81),
(1147, '2004款 1.5 MT', 2004, 81),
(1145, '2004款 1.5 CVT', 2004, 81),
(594, '2004款 三厢1.3 MT', 2004, 81),
(595, '2004款 三厢1.3 CVT', 2004, 81),
(1656, '2004款 三厢 1.5 MT', 2004, 81),
(1103, '2004款 三厢1.5 CVT', 2004, 81),
(3259, '2007款 1.3 MT标准版', 2007, 81),
(3260, '2007款 1.3 CVT舒适版', 2007, 81),
(3261, '2007款 1.5 MT标准版', 2007, 81),
(3229, '2007款 1.5 CVT舒适版', 2007, 81),
(4006, '2008款 1.3 MT舒适版', 2008, 81),
(4007, '2008款 1.3 AT舒适版', 2008, 81),
(4008, '2008款 1.5 MT豪华版', 2008, 81),
(4009, '2008款 1.5 AT豪华版', 2008, 81),
(4010, '2008款 1.5 AT炫酷运动版', 2008, 81),
(9660, '2011款 1.3MT舒适版', 2011, 81),
(9661, '2011款 1.3AT舒适版', 2011, 81),
(9662, '2011款 1.5MT豪华版', 2011, 81),
(9663, '2011款 1.5AT豪华版', 2011, 81),
(9203, '2011款 1.5AT全景天窗版', 2011, 81),
(4719, '2008款 1.5L 舒适版MT', 2008, 694),
(4731, '2008款 1.5L 精英版MT', 2008, 694),
(4706, '2008款 1.5L 精英版AT', 2008, 694),
(4730, '2008款 1.8L 舒适版AT', 2008, 694),
(4663, '2008款 1.8L 豪华版AT', 2008, 694),
(11153, '2011款 1.5L 精英品致款MT', 2011, 694),
(11154, '2011款 1.5L 精英品致款AT', 2011, 694),
(11931, '2012款 1.5L 舒适版MT', 2012, 694),
(11932, '2012款 1.5L 精英版MT', 2012, 694),
(11883, '2012款 1.5L 精英版AT', 2012, 694),
(11933, '2012款 1.5L 旗舰版AT', 2012, 694),
(11934, '2012款 1.8L 舒适版AT', 2012, 694),
(11935, '2012款 1.8L 豪华版AT', 2012, 694),
(11936, '2012款 1.8L 旗舰版AT', 2012, 694),
(7703, '2011款 3.5 尊贵版', 2011, 2168),
(8713, '2011款 3.5 旗舰版', 2011, 2168),
(826, '2004款 3.5 AT', 2004, 231),
(603, '2004款 2.0 AT', 2004, 233);

-- --------------------------------------------------------

--
-- 表的结构 `xc_carseries`
--

CREATE TABLE IF NOT EXISTS `xc_carseries` (
  `series_id` int(10) unsigned NOT NULL AUTO_INCREMENT COMMENT '车系ID',
  `word` char(2) NOT NULL COMMENT '首字母',
  `series_name` char(30) NOT NULL COMMENT '车系名称',
  `brand_id` int(10) unsigned NOT NULL COMMENT '品牌ID',
  PRIMARY KEY (`series_id`)
) ENGINE=MyISAM  DEFAULT CHARSET=utf8 COMMENT='车系表' AUTO_INCREMENT=2661 ;

--
-- 转存表中的数据 `xc_carseries`
--

INSERT INTO `xc_carseries` (`series_id`, `word`, `series_name`, `brand_id`) VALUES
(399, 'A', 'ALFA 147', 34),
(179, 'A', 'ALFA 156', 34),
(400, 'A', 'ALFA 166', 34),
(401, 'A', 'ALFA GT', 34),
(266, 'A', '阿斯顿马丁DB9', 35),
(582, 'A', '阿斯顿马丁DBS', 35),
(923, 'R', 'Rapide', 35),
(822, 'V', 'V12 Vantage', 35),
(385, 'V', 'V8 Vantage', 35),
(386, 'V', 'Vanquish', 35),
(2275, 'V', 'Virage', 35),
(650, 'A', '奥迪A1', 33),
(370, 'A', '奥迪A3', 33),
(19, 'A', '奥迪A4', 33),
(471, 'A', '奥迪A4(进口)', 33),
(692, 'A', '奥迪A4L', 33),
(538, 'A', '奥迪A5', 33),
(509, 'A', '奥迪A6', 33),
(472, 'A', '奥迪A6(进口)', 33),
(18, 'A', '奥迪A6L', 33),
(740, 'A', '奥迪A7', 33),
(146, 'A', '奥迪A8', 33),
(812, 'A', '奥迪Q5', 33),
(593, 'A', '奥迪Q5(进口)', 33),
(412, 'A', '奥迪Q7', 33),
(511, 'A', '奥迪R8', 33),
(148, 'A', '奥迪TT', 33),
(2444, 'B', 'ABUS巴博斯 S级', 140),
(2236, 'B', '宝骏630', 120),
(373, 'B', '宝马1系', 15),
(66, 'B', '宝马3系', 15),
(317, 'B', '宝马3系(进口)', 15),
(65, 'B', '宝马5系', 15),
(202, 'B', '宝马5系(进口)', 15),
(270, 'B', '宝马6系', 15),
(153, 'B', '宝马7系', 15),
(2196, 'B', '宝马M系', 15),
(675, 'B', '宝马X1(进口)', 15),
(271, 'B', '宝马X3', 15),
(159, 'B', '宝马X5', 15),
(587, 'B', '宝马X6', 15),
(161, 'B', '宝马Z4', 15),
(847, 'B', '宝马Z8', 15),
(168, 'B', 'Boxster', 40),
(162, 'B', '保时捷911', 40),
(393, 'C', 'Carrera GT', 40),
(415, 'C', 'Cayman', 40),
(172, 'K', '卡宴', 40),
(703, 'P', 'Panamera', 40),
(852, 'Q', '骑士S12', 154),
(2126, 'Y', '域胜007', 154),
(965, 'Z', '战旗', 154),
(2197, 'B', '奔驰AMG级', 36),
(52, 'B', '奔驰A级', 36),
(398, 'B', '奔驰B级', 36),
(235, 'B', '奔驰CLK', 36),
(365, 'B', '奔驰CLS', 36),
(683, 'B', '奔驰CL级', 36),
(588, 'B', '奔驰C级', 36),
(56, 'B', '奔驰C级(进口)', 36),
(197, 'B', '奔驰E级', 36),
(450, 'B', '奔驰E级(进口)', 36),
(595, 'B', '奔驰GLK级(进口)', 36),
(467, 'B', '奔驰GL级', 36),
(60, 'B', '奔驰G级', 36),
(57, 'B', '奔驰M级', 36),
(469, 'B', '奔驰R级', 36),
(267, 'B', '奔驰SLK', 36),
(685, 'B', '奔驰SLR', 36),
(237, 'B', '奔驰SL级', 36),
(59, 'B', '奔驰S级', 36),
(2564, 'L', '凌特', 36),
(2005, 'S', 'Sprinter', 36),
(2084, 'W', '威霆', 36),
(192, 'W', '威霆(进口)', 36),
(2034, 'W', '唯雅诺', 36),
(300, 'W', '唯雅诺(进口)', 36),
(632, 'B', '奔腾B50', 95),
(466, 'B', '奔腾B70', 95),
(880, 'A', '奥德赛', 14),
(314, 'B', '本田CR-V', 14),
(746, 'B', '本田S2000', 14),
(81, 'F', '飞度', 14),
(694, 'F', '锋范', 14),
(2168, 'G', '歌诗图', 14),
(231, 'L', '里程', 14),
(233, 'S', '时韵', 14),
(859, 'S', '思铂睿', 14),
(449, 'S', '思迪', 14),
(135, 'S', '思域', 14),
(896, 'S', '思域(海外)', 14),
(78, 'Y', '雅阁', 14),
(831, 'B', '比亚迪e6', 75),
(579, 'B', '比亚迪F0', 75),
(407, 'B', '比亚迪F3', 75),
(940, 'B', '比亚迪F3R', 75),
(540, 'B', '比亚迪F6', 75),
(927, 'B', '比亚迪G3', 75),
(997, 'B', '比亚迪G3R', 75),
(2091, 'B', '比亚迪G6', 75),
(2085, 'B', '比亚迪L3', 75),
(798, 'B', '比亚迪M6', 75),
(2088, 'B', '比亚迪S6', 75),
(489, 'B', '比亚迪S8', 75),
(417, 'F', '福莱尔', 75),
(437, 'B', '标致206', 13),
(184, 'B', '标致206(进口)', 13),
(688, 'B', '标致207', 13),
(640, 'B', '标致207(进口)', 13),
(724, 'B', '标致3008(进口)', 13),
(99, 'B', '标致307', 13),
(277, 'B', '标致307(进口)', 13),
(877, 'B', '标致308', 13),
(689, 'B', '标致308(进口)', 13),
(185, 'B', '标致407', 13),
(987, 'B', '标致408', 13),
(2299, 'B', '标致508', 13),
(186, 'B', '标致607', 13),
(2030, 'B', '标致807', 13),
(2047, 'B', '标致RCZ', 13),
(592, 'A', '昂科雷', 38),
(166, 'B', '别克GL8', 38),
(164, 'J', '君威', 38),
(834, 'J', '君越', 38),
(875, 'K', '凯越', 38),
(525, 'L', '林荫大道', 38),
(344, 'R', '荣御', 38),
(982, 'Y', '英朗', 38),
(901, 'M', '慕尚', 39),
(305, 'O', '欧陆', 39),
(306, 'Y', '雅致', 39),
(390, 'W', '威航', 37),
(76, 'A', '爱迪尔', 79),
(2478, 'F', '福瑞达', 79),
(484, 'B', '奔奔i', 76),
(2046, 'B', '奔奔LOVE', 76),
(2045, 'B', '奔奔MINI', 76),
(2119, 'C', '长安CX20', 76),
(1008, 'C', '长安CX30', 76),
(2604, 'C', '长安S460', 76),
(2504, 'C', '长安星光', 76),
(2606, 'C', '长安星光4500', 76),
(2600, 'C', '长安之星', 76),
(2605, 'C', '长安之星2', 76),
(520, 'J', '杰勋', 76),
(2505, 'J', '金牛星', 76),
(705, 'Y', '悦翔', 76),
(590, 'Z', '志翔', 76),
(491, 'C', '长城精灵', 77),
(2459, 'F', '风骏3', 77),
(2462, 'F', '风骏5', 77),
(395, 'H', '哈弗H3', 77),
(2027, 'H', '哈弗H5', 77),
(2123, 'H', '哈弗H6', 77),
(535, 'H', '哈弗M1', 77),
(2001, 'H', '哈弗M2', 77),
(536, 'J', '嘉誉', 77),
(2653, 'J', '金迪尔', 77),
(493, 'K', '酷熊', 77),
(624, 'L', '凌傲', 77),
(6, 'S', '赛弗', 77),
(552, 'S', '赛影', 77),
(2122, 'T', '腾翼C20R', 77),
(2090, 'T', '腾翼C30', 77),
(2120, 'T', '腾翼C50', 77),
(2200, 'T', '腾翼V80', 77),
(492, 'X', '炫丽', 77),
(2520, 'F', '飞铃', 78),
(2521, 'F', '飞扬', 78),
(569, 'L', '猎豹CS6', 78),
(815, 'L', '猎豹CS7', 78),
(706, 'L', '猎豹飞腾', 78),
(961, 'L', '猎豹黑金刚', 78),
(962, 'L', '猎豹奇兵', 78),
(377, 'P', '帕杰罗', 78),
(568, 'Q', '骐菱', 78),
(2378, 'Y', '野马F10', 111),
(939, 'Y', '野马F99', 111),
(2627, 'L', 'Logan', 157),
(545, 'S', '森雅', 92),
(633, 'B', '宝来', 1),
(15, 'B', '宝来/宝来经典', 1),
(700, 'D', '大众CC', 1),
(430, 'D', '大众Eos', 1),
(422, 'D', '大众Fox', 1),
(144, 'G', '高尔', 1),
(871, 'G', '高尔夫', 1),
(372, 'G', '高尔夫(进口)', 1),
(224, 'H', '辉腾', 1),
(210, 'J', '甲壳虫', 1),
(16, 'J', '捷达', 1),
(360, 'K', '开迪', 1),
(614, 'L', '朗逸', 1),
(631, 'M', 'Multivan', 1),
(496, 'M', '迈腾', 1),
(539, 'M', '迈腾(进口)', 1),
(368, 'P', 'Passat', 1),
(826, 'P', 'Passat新领驭', 1),
(145, 'P', 'POLO', 1),
(528, 'P', '帕萨特', 1),
(669, 'S', 'Scirocco尚酷', 1),
(149, 'S', '桑塔纳', 1),
(207, 'S', '桑塔纳志俊', 1),
(442, 'S', '速腾', 1),
(557, 'T', 'Tiguan', 1),
(333, 'T', '途安', 1),
(874, 'T', '途观', 1),
(82, 'T', '途锐', 1),
(86, 'X', '夏朗', 1),
(905, 'Y', '一汽-大众CC', 1),
(2198, 'D', '道奇Ram', 41),
(576, 'F', '锋哲', 41),
(574, 'K', '凯领', 41),
(575, 'K', '酷搏', 41),
(602, 'K', '酷威', 41),
(738, 'T', '挑战者', 41),
(799, 'D', '帝豪EC7', 105),
(800, 'D', '帝豪EC7-RV', 105),
(801, 'D', '帝豪EC8', 105),
(561, 'A', '奥丁', 32),
(560, 'H', '汗马', 32),
(554, 'J', '景逸', 32),
(2540, 'L', '菱智', 32),
(2512, 'R', '锐骐多功能车', 32),
(2510, 'R', '锐骐皮卡', 32),
(951, 'S', '帅客', 32),
(562, 'Y', '御轩', 32),
(1006, 'F', '风神H30', 113),
(790, 'F', '风神S30', 113),
(2452, 'D', '东风小康K01', 142),
(2497, 'D', '东风小康K02', 142),
(2498, 'D', '东风小康K06', 142),
(2500, 'D', '东风小康K07', 142),
(2501, 'D', '东风小康K07II', 142),
(2499, 'D', '东风小康K17', 142),
(2490, 'D', '东风小康V07S', 142),
(2491, 'D', '东风小康V21', 142),
(2494, 'D', '东风小康V22', 142),
(2495, 'D', '东风小康V27', 142),
(2530, 'D', '得利卡', 81),
(126, 'L', '菱帅', 81),
(606, 'V', 'V3菱悦', 81),
(2477, 'X', '希旺', 81),
(889, '4', '458 Italia', 42),
(676, 'C', 'California', 42),
(2596, 'F', '法拉利288', 42),
(2595, 'F', '法拉利328', 42),
(2597, 'F', '法拉利348', 42),
(2598, 'F', '法拉利355', 42),
(361, 'F', '法拉利360', 42),
(2592, 'F', '法拉利456', 42),
(2591, 'F', '法拉利550', 42),
(308, 'F', '法拉利575M', 42),
(459, 'F', '法拉利599', 42),
(367, 'F', '法拉利612', 42),
(2594, 'F', '法拉利Dino', 42),
(394, 'F', '法拉利ENZO', 42),
(2177, 'F', '法拉利F40', 42),
(359, 'F', '法拉利F430', 42),
(2593, 'F', '法拉利F50', 42),
(2261, 'F', '法拉利FF', 42),
(542, 'B', '博悦', 11),
(391, 'D', '多宝', 11),
(601, 'F', '菲亚特500', 11),
(2262, 'F', '菲跃', 11),
(544, 'L', '领雅', 11),
(465, 'P', '派朗', 11),
(89, 'P', '派力奥', 11),
(543, 'P', '朋多', 11),
(916, 'S', 'Sedici', 11),
(90, 'X', '西耶那', 11),
(91, 'Z', '周末风', 11),
(2055, 'A', 'Avalon', 3),
(2107, 'A', '埃尔法', 3),
(2237, 'E', 'E’Z逸致', 3),
(513, 'F', 'FJ 酷路泽', 3),
(770, 'F', '丰田RAV4', 3),
(206, 'F', '丰田RAV4(进口)', 3),
(2607, 'H', 'HIACE', 3),
(771, 'H', '汉兰达', 3),
(549, 'H', '汉兰达(进口)', 3),
(964, 'H', '红杉', 3),
(109, 'H', '花冠', 3),
(882, 'H', '皇冠', 3),
(2614, 'H', '皇冠（进口）', 3),
(526, 'K', '卡罗拉', 3),
(774, 'K', '卡罗拉(海外)', 3),
(110, 'K', '凯美瑞', 3),
(963, 'K', '凯美瑞(海外)', 3),
(2527, 'K', '柯斯达', 3),
(45, 'L', '兰德酷路泽', 3),
(550, 'L', '兰德酷路泽(进口)', 3),
(46, 'P', '普拉多', 3),
(334, 'P', '普拉多(进口)', 3),
(371, 'P', '普锐斯', 3),
(721, 'P', '普锐斯(海外)', 3),
(107, 'P', '普瑞维亚', 3),
(375, 'R', '锐志', 3),
(983, 'S', 'Sienna', 3),
(2617, 'S', 'Supra', 3),
(2354, 'T', '坦途Tundra', 3),
(170, 'T', '特锐', 3),
(111, 'W', '威驰', 3),
(505, 'Y', '雅力士', 3),
(2244, 'Z', 'ZELAS杰路驰', 3),
(2454, 'T', '探索者Ⅱ', 141),
(2455, 'T', '探索者Ⅲ', 141),
(2453, 'T', '探索者6', 141),
(2475, 'X', '小超人', 141),
(2024, 'E', 'Explorer', 8),
(364, 'F', '福克斯', 8),
(2353, 'F', '福特F-150', 8),
(378, 'F', '福特GT', 8),
(659, 'J', '嘉年华', 8),
(2523, 'J', '经典全顺', 8),
(498, 'M', '麦柯斯', 8),
(117, 'M', '蒙迪欧', 8),
(577, 'M', '蒙迪欧-致胜', 8),
(684, 'R', '锐界', 8),
(2524, 'X', '新世代全顺', 8),
(102, 'Y', '野马', 8),
(97, 'Y', '翼虎', 8),
(2535, 'F', '风景', 96),
(2542, 'M', '蒙派克', 96),
(661, 'M', '迷迪', 96),
(2579, 'S', '萨普', 96),
(980, 'S', 'Savana', 112),
(2093, 'D', '大蛇', 116),
(2094, 'H', 'Himiko女王', 116),
(2141, 'C', '传祺', 82),
(2485, 'J', '骏意', 24),
(67, 'L', '路宝', 24),
(2536, 'L', '路尊大霸王', 24),
(2487, 'L', '路尊小霸王', 24),
(2486, 'M', '民意', 24),
(392, 'S', '赛豹III', 24),
(481, 'S', '赛豹V', 24),
(68, 'S', '赛马', 24),
(2572, 'X', '新大海狮', 150),
(470, 'F', '福美来', 86),
(2481, 'F', '福仕达', 86),
(47, 'H', '海福星', 86),
(527, 'H', '海马3', 86),
(823, 'H', '海马骑士', 86),
(855, 'H', '海马王子', 86),
(696, 'H', '欢动', 86),
(844, 'P', '普力马', 86),
(824, 'Q', '丘比特', 86),
(895, 'H', '悍马H1', 43),
(38, 'H', '悍马H2', 43),
(379, 'H', '悍马H3', 43),
(428, 'H', '红旗盛世', 91),
(978, 'S', '世纪星', 91),
(556, 'X', '新明仕', 91),
(570, 'H', '海锋', 85),
(862, 'H', '海景', 85),
(461, 'H', '海尚', 85),
(507, 'H', '海炫', 85),
(194, 'H', '海迅', 85),
(460, 'H', '海域', 85),
(856, 'H', '海悦', 85),
(2144, 'B', '宝利格', 87),
(2108, 'H', '华泰B11', 87),
(477, 'S', '圣达菲', 87),
(290, 'T', '特拉卡', 87),
(2212, 'A', '翱龙CUV', 97),
(2517, 'A', '傲骏', 97),
(2515, 'D', '大柴神', 97),
(673, 'Q', '旗胜F1', 97),
(2160, 'Q', '旗胜V3', 97),
(2211, 'T', '挑战者SUV', 97),
(2516, 'X', '小柴神', 97),
(291, 'B', '北京JEEP', 46),
(23, 'D', '大切诺基', 46),
(521, 'D', '大切诺基(进口)', 46),
(121, 'M', '牧马人', 46),
(2026, 'Q', '切诺基(进口)', 46),
(503, 'Z', '指挥官', 46),
(504, 'Z', '指南者', 46),
(777, 'Z', '自由客', 46),
(2114, 'A', '奥轩G3', 108),
(2306, 'A', '奥轩G5', 108),
(2599, 'C', '财运100', 108),
(2571, 'C', '财运300', 108),
(2568, 'C', '财运500', 108),
(969, 'J', '吉奥凯旋', 108),
(865, 'K', '凯睿', 108),
(1015, 'S', '帅豹', 108),
(967, 'S', '帅驰', 108),
(864, 'S', '帅舰', 108),
(968, 'S', '帅威', 108),
(2488, 'X', '星旺', 108),
(133, 'H', '豪情', 25),
(138, 'M', '美人豹', 25),
(132, 'M', '美日', 25),
(421, 'Y', '优利欧', 25),
(2155, 'Q', '全球鹰GC7', 104),
(2192, 'Q', '全球鹰GX2', 104),
(608, 'X', '熊猫', 104),
(474, 'Y', '远景', 104),
(611, 'Z', '中国龙', 104),
(409, 'Z', '自由舰', 104),
(567, 'B', '宾悦', 84),
(616, 'H', '和悦', 84),
(816, 'H', '和悦RS', 84),
(2541, 'R', '瑞风', 84),
(2543, 'R', '瑞风·和畅', 84),
(2581, 'R', '瑞铃', 84),
(572, 'R', '瑞鹰', 84),
(660, 'T', '同悦', 84),
(617, 'T', '同悦RS', 84),
(2569, 'X', '星锐', 84),
(828, 'Y', '悦悦', 84),
(2514, 'B', '宝典', 119),
(2228, 'Y', '驭胜', 119),
(2145, 'J', '捷豹SS100', 44),
(258, 'J', '捷豹S-TYPE', 44),
(589, 'J', '捷豹XF', 44),
(178, 'J', '捷豹XJ', 44),
(456, 'J', '捷豹XK', 44),
(328, 'J', '捷豹X-TYPE', 44),
(2659, 'D', '大力神', 83),
(2537, 'G', '阁瑞斯', 83),
(2601, 'H', '海星', 83),
(2402, 'J', '金杯S50', 83),
(2582, 'D', '大MPV', 151),
(2573, 'J', '九龙A5', 151),
(2576, 'J', '九龙A6', 151),
(2610, 'K', '卡尔森 GL级', 156),
(2611, 'K', '卡尔森 S级', 156),
(2496, 'Y', '优劲', 101),
(2489, 'Y', '优派', 101),
(2492, 'Y', '优胜', 101),
(2493, 'Y', '优胜II代', 101),
(2484, 'Y', '优雅', 101),
(517, 'Y', '优翼', 101),
(2476, 'Y', '优优', 101),
(238, 'D', '帝威', 47),
(970, 'K', '凯迪拉克CTS', 47),
(311, 'K', '凯迪拉克CTS(进口)', 47),
(49, 'K', '凯迪拉克SRX', 47),
(402, 'K', '凯迪拉克STS', 47),
(426, 'K', '凯迪拉克XLR', 47),
(462, 'K', '凯雷德ESCALADE', 47),
(488, 'S', 'SLS赛威', 47),
(731, 'K', '柯尼赛格CCX', 100),
(732, 'K', '柯尼赛格CCXR', 100),
(566, 'B', '铂锐', 9),
(227, 'D', '大捷龙', 9),
(222, 'J', '交叉火力', 9),
(487, 'K', '克莱斯勒300C', 9),
(342, 'K', '克莱斯勒300C(进口)', 9),
(380, 'P', 'PT 漫步者', 9),
(2277, 'A', 'Aventador', 48),
(354, 'G', 'Gallardo', 48),
(2655, 'L', 'LM002', 48),
(174, 'M', 'Murcielago', 48),
(727, 'R', 'Reventon', 48),
(2271, 'Y', 'Ypsilon', 121),
(2103, 'L', '劳伦士ML级', 118),
(2102, 'L', '劳伦士S级', 118),
(836, 'G', '古思特', 54),
(265, 'H', '幻影', 54),
(2063, 'L', '雷克萨斯CT', 52),
(403, 'L', '雷克萨斯ES', 52),
(261, 'L', '雷克萨斯GS', 52),
(112, 'L', '雷克萨斯GX', 52),
(201, 'L', '雷克萨斯IS', 52),
(341, 'L', '雷克萨斯LS', 52),
(352, 'L', '雷克萨斯LX', 52),
(351, 'L', '雷克萨斯RX', 52),
(332, 'L', '雷克萨斯SC', 52),
(199, 'F', '风景', 10),
(908, 'F', '风朗Fluence', 10),
(686, 'K', '科雷傲', 10),
(188, 'L', '拉古那', 10),
(196, 'M', '梅甘娜', 10),
(257, 'W', '威赛帝', 10),
(2184, 'W', '纬度Latitude', 10),
(2248, 'L', '理念S1', 124),
(2503, 'F', '丰顺', 80),
(597, 'L', '力帆320', 80),
(443, 'L', '力帆520', 80),
(596, 'L', '力帆620', 80),
(2134, 'L', '力帆X60', 80),
(2502, 'X', '兴顺', 80),
(583, 'J', '竞速', 89),
(691, 'J', '竞悦', 89),
(928, 'L', '莲花L3', 89),
(2125, 'L', '莲花L5', 89),
(103, 'C', '城市', 51),
(869, 'L', '林肯MKS', 51),
(794, 'L', '林肯MKT', 51),
(758, 'L', '林肯MKX', 51),
(793, 'L', '林肯MKZ', 51),
(95, 'L', '领航员', 51),
(872, 'A', '奥拓', 53),
(75, 'B', '北斗星', 53),
(500, 'C', '超级维特拉', 53),
(508, 'J', '吉姆尼', 53),
(892, 'K', '凯泽西', 53),
(2534, 'L', '浪迪', 53),
(432, 'L', '利亚纳', 53),
(94, 'L', '羚羊', 53),
(2049, 'P', '派喜Splash', 53),
(529, 'T', '天语 SX4', 53),
(2242, 'T', '天语·尚悦', 53),
(362, 'Y', '雨燕', 53),
(2176, 'Y', '雨燕(海外)', 53),
(571, 'F', '风华', 88),
(468, 'F', '风尚', 88),
(501, 'L', '陆风X6', 88),
(833, 'L', '陆风X8', 88),
(635, 'L', '陆风X9', 88),
(802, 'D', '第四代发现', 49),
(72, 'F', '发现3', 49),
(754, 'J', '极光', 49),
(69, 'L', '揽胜', 49),
(850, 'L', '揽胜运动版', 49),
(77, 'S', '神行者2', 49),
(256, 'W', '卫士', 49),
(2221, 'E', 'Elan', 50),
(272, 'E', 'Elise', 50),
(2223, 'E', 'Elite', 50),
(330, 'E', 'Esprit', 50),
(2620, 'E', 'Europa', 50),
(681, 'E', 'Evora', 50),
(2621, 'E', 'Excel', 50),
(891, 'E', 'Exige', 50),
(2608, 'D', '大通V80', 155),
(2147, 'M', 'MG3', 20),
(555, 'M', 'MG3SW', 20),
(835, 'M', 'MG6', 20),
(531, 'M', 'MG7', 20),
(533, 'M', 'MGTF', 20),
(209, 'M', 'MINI', 56),
(749, 'M', 'MINI CLUBMAN', 56),
(750, 'M', 'MINI COUNTRYMAN', 56),
(433, 'M', '马自达2', 58),
(946, 'M', '马自达2(海外)', 58),
(641, 'M', '马自达2劲翔', 58),
(363, 'M', '马自达3', 58),
(584, 'M', '马自达3(进口)', 58),
(2418, 'M', '马自达3星骋', 58),
(578, 'M', '马自达5', 58),
(22, 'M', '马自达6', 58),
(728, 'M', '马自达6(海外)', 58),
(2118, 'M', '马自达8', 58),
(304, 'M', '马自达8(进口)', 58),
(658, 'M', '马自达CX-7', 58),
(672, 'M', '马自达MX-5', 58),
(2647, 'M', '马自达RX7', 58),
(295, 'M', '马自达RX-8', 58),
(655, 'R', '睿翼', 58),
(322, 'C', 'COUPE', 57),
(903, 'G', 'GranCaio', 57),
(190, 'M', '玛莎拉蒂3200GT', 57),
(551, 'M', '玛莎拉蒂GT', 57),
(191, 'S', 'Spyder', 57),
(289, 'Z', '总裁', 57),
(389, 'M', '迈巴赫', 55),
(2374, 'N', 'Noble M12', 136),
(2375, 'N', 'Noble M14', 136),
(2376, 'N', 'Noble M15', 136),
(2295, 'D', '大7 SUV', 130),
(524, 'O', '讴歌MDX', 60),
(2641, 'O', '讴歌NSX', 60),
(464, 'O', '讴歌RL', 60),
(479, 'O', '讴歌TL', 60),
(806, 'O', '讴歌ZDX', 60),
(670, 'A', '安德拉', 59),
(381, 'S', '赛飞利', 59),
(182, 'W', '威达', 59),
(348, 'Y', '雅特', 59),
(366, 'Z', 'Zonda', 61),
(83, 'D', '东方之子', 26),
(451, 'D', '东方之子Cross', 26),
(84, 'F', '风云', 26),
(837, 'F', '风云2', 26),
(518, 'Q', '奇瑞A1', 26),
(530, 'Q', '奇瑞A3', 26),
(434, 'Q', '奇瑞A5', 26),
(2324, 'Q', '奇瑞E5', 26),
(87, 'Q', '奇瑞QQ 3', 26),
(478, 'Q', '奇瑞QQ 6', 26),
(612, 'Q', '奇瑞QQme', 26),
(85, 'Q', '旗云', 26),
(996, 'Q', '旗云1', 26),
(2178, 'Q', '旗云2', 26),
(2180, 'Q', '旗云3', 26),
(396, 'R', '瑞虎', 26),
(591, 'B', '霸锐', 62),
(813, 'F', '福瑞迪', 62),
(284, 'J', '嘉华', 62),
(1010, 'K', '凯尊', 62),
(275, 'O', '欧菲莱斯', 62),
(2319, 'Q', '起亚K2', 62),
(2246, 'Q', '起亚K5', 62),
(502, 'Q', '起亚VQ', 62),
(142, 'Q', '千里马', 62),
(454, 'R', 'RIO锐欧', 62),
(452, 'S', 'SPORTAGE', 62),
(413, 'S', '赛拉图', 62),
(565, 'S', '狮跑', 62),
(1016, 'S', '速迈', 62),
(281, 'S', '索兰托', 62),
(453, 'X', '新佳乐', 62),
(876, 'X', '秀尔', 62),
(298, 'Y', '远舰', 62),
(2137, 'Z', '智跑', 62),
(2660, '93', '', 63),
(1, 'R', '日产350Z', 63),
(2466, 'R', '日产D22', 63),
(436, 'R', '日产GT-R', 63),
(2113, 'R', '日产NV200', 63),
(2467, 'R', '日产ZN6493', 63),
(960, 'R', '日产旗舰', 63),
(634, 'T', '天籁', 63),
(264, 'T', '途乐', 63),
(2305, 'X', 'Xterra', 63),
(204, 'X', '西玛', 63),
(564, 'X', '逍客', 63),
(448, 'X', '轩逸', 63),
(64, 'Y', '阳光', 63),
(355, 'Y', '颐达', 63),
(2062, 'R', '荣威350', 19),
(537, 'R', '荣威550', 19),
(482, 'R', '荣威750', 19),
(2297, 'R', '荣威W5', 19),
(2109, 'R', '瑞麒G3', 103),
(797, 'R', '瑞麒G5', 103),
(791, 'R', '瑞麒G6', 103),
(804, 'R', '瑞麒M1', 103),
(853, 'R', '瑞麒M5', 103),
(854, 'R', '瑞麒X1', 103),
(2385, 'S', 'Scion xA', 137),
(620, 'S', 'smart fortwo', 45),
(2630, 'S', 'Saab 900', 64),
(2631, 'S', 'Saab 9000', 64),
(2635, 'S', 'Saab 92', 64),
(2632, 'S', 'Saab 9-2X', 64),
(2636, 'S', 'Saab 93', 64),
(343, 'S', 'Saab 9-3', 64),
(211, 'S', 'Saab 9-5', 64),
(2633, 'S', 'Saab 96', 64),
(2634, 'S', 'Saab 99', 64),
(2637, 'S', 'Sonett', 64),
(1018, 'A', 'ASX劲炫', 68),
(760, 'C', 'Colt', 68),
(2347, 'E', 'Endeavor', 68),
(483, 'G', '戈蓝', 68),
(325, 'G', '格蓝迪', 68),
(668, 'J', '君阁', 68),
(369, 'L', 'LANCER', 68),
(458, 'L', '蓝瑟', 68),
(128, 'L', '菱绅', 68),
(486, 'O', 'OUTLANDER EX', 68),
(25, 'O', '欧蓝德', 68),
(580, 'P', '帕杰罗(进口)', 68),
(2332, 'P', '帕杰罗·劲畅', 68),
(24, 'P', '帕杰罗速跑', 68),
(2648, 'S', '三菱3000GT', 68),
(873, 'S', '三菱翼神', 68),
(651, 'Y', '伊柯丽斯', 68),
(2570, 'F', '福家', 149),
(599, 'S', '世爵C8', 66),
(13, 'L', '来宝SRV', 90),
(345, 'S', '双环SCEO', 90),
(506, 'X', '小贵族', 90),
(455, 'A', '爱腾', 69),
(2214, 'K', '柯兰多', 69),
(139, 'L', '雷斯特Ⅱ', 69),
(516, 'L', '路帝', 69),
(485, 'X', '享御', 69),
(141, 'Z', '主席', 69),
(286, 'A', '傲虎', 65),
(414, 'C', '驰鹏', 65),
(287, 'L', '力狮', 65),
(285, 'S', '森林人', 65),
(283, 'Y', '翼豹', 65),
(772, 'H', '昊锐', 67),
(357, 'H', '昊锐(海外)', 67),
(382, 'J', '晶锐', 67),
(519, 'M', '明锐', 67),
(356, 'M', '明锐(海外)', 67),
(858, 'Y', 'Yeti', 67),
(2373, 'S', 'Sagaris', 135),
(2372, 'T', 'Tuscan', 135),
(2538, 'W', '威麟H3', 102),
(2539, 'W', '威麟H5', 102),
(909, 'W', '威麟V5', 102),
(613, 'W', '威麟X5', 102),
(2482, 'W', '威旺306', 143),
(959, 'R', 'Roadster', 99),
(725, 'W', '威兹曼GT', 99),
(494, 'W', '沃尔沃C30', 70),
(406, 'W', '沃尔沃C70', 70),
(463, 'W', '沃尔沃S40', 70),
(981, 'W', '沃尔沃S40(进口)', 70),
(404, 'W', '沃尔沃S60', 70),
(175, 'W', '沃尔沃S80', 70),
(693, 'W', '沃尔沃S80L', 70),
(585, 'W', '沃尔沃XC60', 70),
(405, 'W', '沃尔沃XC70', 70),
(177, 'W', '沃尔沃XC90', 70),
(2506, 'P', 'PN货车', 114),
(2139, 'W', '五菱宏光', 114),
(2451, 'W', '五菱荣光', 114),
(2456, 'W', '五菱之光', 114),
(101, 'X', '夏利', 7),
(814, 'B', '北京现代i30', 12),
(1007, 'B', '北京现代ix35', 12),
(2117, 'H', 'H-1辉翼', 12),
(131, 'J', '君爵', 12),
(252, 'K', '酷派', 12),
(594, 'L', '劳恩斯', 12),
(756, 'L', '劳恩斯-酷派', 12),
(690, 'L', '领翔', 12),
(866, 'M', 'MOINCA名驭', 12),
(457, 'M', '美佳', 12),
(2115, 'R', '瑞纳', 12),
(2649, 'S', '索纳塔', 12),
(50, 'S', '索纳塔八', 12),
(358, 'T', '途胜', 12),
(975, 'T', '途胜(进口)', 12),
(2256, 'V', 'Veloster飞思', 12),
(510, 'W', '维拉克斯', 12),
(127, 'X', '新胜达', 12),
(255, 'Y', '雅科仕', 12),
(431, 'Y', '雅绅特', 12),
(446, 'Y', '雅尊', 12),
(51, 'Y', '伊兰特', 12),
(429, 'Y', '御翔', 12),
(586, 'Y', '悦动', 12),
(2348, 'A', '爱唯欧', 71),
(973, 'E', 'Express', 71),
(397, 'J', '景程', 71),
(657, 'K', '科鲁兹', 71),
(678, 'K', '科迈罗Camaro', 71),
(2583, 'K', '科帕奇', 71),
(546, 'K', '科帕奇(进口)', 71),
(387, 'K', '克尔维特', 71),
(420, 'L', '乐骋', 71),
(155, 'L', '乐驰', 71),
(439, 'L', '乐风', 71),
(722, 'M', '迈锐宝(海外)', 71),
(163, 'S', '赛欧', 71),
(808, 'S', '斯帕可SPARK', 71),
(682, 'W', '沃蓝达Volt', 71),
(98, 'A', '爱丽舍', 72),
(232, 'B', '毕加索', 72),
(473, 'D', '大C4毕加索', 72),
(293, 'F', '富康', 72),
(388, 'K', '凯旋', 72),
(230, 'S', '赛纳', 72),
(639, 'S', '世嘉', 72),
(476, 'X', '雪铁龙C2', 72),
(329, 'X', '雪铁龙C3', 72),
(480, 'X', '雪铁龙C4', 72),
(792, 'X', '雪铁龙C5', 72),
(212, 'X', '雪铁龙C5(进口)', 72),
(440, 'X', '雪铁龙C6', 72),
(2526, 'J', '佳宝T50', 110),
(2525, 'J', '佳宝T51', 110),
(2465, 'J', '佳宝T57', 110),
(2469, 'J', '佳宝V52', 110),
(2468, 'J', '佳宝V55', 110),
(2464, 'J', '佳宝V70', 110),
(2603, 'K', '坤程', 110),
(913, 'S', '森雅M80', 110),
(2131, 'S', '森雅S80', 110),
(106, 'W', '威乐', 110),
(444, 'W', '威志', 110),
(879, 'W', '威志V2', 110),
(104, 'W', '威姿', 110),
(878, 'X', '夏利N5', 110),
(2533, 'B', '宝迪', 144),
(2532, 'D', '得意', 144),
(2531, 'D', '都灵', 144),
(605, 'Y', '英菲尼迪EX', 73),
(122, 'Y', '英菲尼迪FX', 73),
(383, 'Y', '英菲尼迪G系', 73),
(581, 'Y', '英菲尼迪M系', 73),
(416, 'Y', '英菲尼迪QX', 73),
(447, 'J', '金刚', 106),
(609, 'J', '金鹰', 106),
(2111, 'Y', '英伦SC5-RV', 106),
(2051, 'Y', '英伦SC7', 106),
(841, 'Y', '英伦TX4', 106),
(424, 'Y', '永源A380', 93),
(2323, 'Z', '中华H530', 22),
(2294, 'Z', '中华V5', 22),
(411, 'Z', '中华骏捷', 22),
(860, 'Z', '中华骏捷Cross', 22),
(523, 'Z', '中华骏捷FRV', 22),
(825, 'Z', '中华骏捷FSV', 22),
(490, 'Z', '中华酷宝', 22),
(130, 'Z', '中华尊驰', 22),
(2143, 'W', '无限V7', 74),
(2230, 'J', '江南TT', 94),
(558, 'Z', '众泰2008', 94),
(663, 'Z', '众泰5008', 94),
(708, 'Z', '众泰M300', 94),
(2480, 'Z', '众泰V10', 94),
(2161, 'Z', '众泰Z200', 94),
(2171, 'Z', '众泰Z200HB', 94);

-- --------------------------------------------------------

--
-- 表的结构 `xc_dept`
--

CREATE TABLE IF NOT EXISTS `xc_dept` (
  `id` smallint(3) NOT NULL AUTO_INCREMENT,
  `name` varchar(50) NOT NULL,
  PRIMARY KEY (`id`)
) ENGINE=MyISAM  DEFAULT CHARSET=utf8 AUTO_INCREMENT=4 ;

--
-- 转存表中的数据 `xc_dept`
--

INSERT INTO `xc_dept` (`id`, `name`) VALUES
(1, '开发部'),
(2, '销售部'),
(3, '财务部');

-- --------------------------------------------------------

--
-- 表的结构 `xc_form`
--

CREATE TABLE IF NOT EXISTS `xc_form` (
  `id` smallint(4) unsigned NOT NULL AUTO_INCREMENT,
  `title` varchar(255) NOT NULL,
  `content` varchar(255) NOT NULL,
  `user_id` int(11) NOT NULL,
  `create_time` int(11) unsigned NOT NULL,
  `update_time` int(11) unsigned NOT NULL,
  `status` tinyint(1) unsigned NOT NULL,
  `email` varchar(50) NOT NULL,
  PRIMARY KEY (`id`)
) ENGINE=MyISAM DEFAULT CHARSET=utf8 AUTO_INCREMENT=1 ;

-- --------------------------------------------------------

--
-- 表的结构 `xc_group`
--

CREATE TABLE IF NOT EXISTS `xc_group` (
  `id` smallint(3) unsigned NOT NULL AUTO_INCREMENT,
  `name` varchar(25) NOT NULL,
  `title` varchar(50) NOT NULL,
  `create_time` int(11) unsigned NOT NULL,
  `update_time` int(11) unsigned NOT NULL DEFAULT '0',
  `status` tinyint(1) unsigned NOT NULL DEFAULT '0',
  `sort` smallint(3) unsigned NOT NULL DEFAULT '0',
  `show` tinyint(1) unsigned NOT NULL DEFAULT '0',
  PRIMARY KEY (`id`)
) ENGINE=MyISAM  DEFAULT CHARSET=utf8 AUTO_INCREMENT=4 ;

--
-- 转存表中的数据 `xc_group`
--

INSERT INTO `xc_group` (`id`, `name`, `title`, `create_time`, `update_time`, `status`, `sort`, `show`) VALUES
(2, 'App', '应用中心', 1222841259, 0, 1, 0, 0),
(3, 'Order', '订单管理', 0, 0, 1, 0, 0);

-- --------------------------------------------------------

--
-- 表的结构 `xc_groups`
--

CREATE TABLE IF NOT EXISTS `xc_groups` (
  `id` mediumint(6) NOT NULL AUTO_INCREMENT,
  `name` varchar(50) NOT NULL,
  PRIMARY KEY (`id`)
) ENGINE=MyISAM  DEFAULT CHARSET=utf8 AUTO_INCREMENT=4 ;

--
-- 转存表中的数据 `xc_groups`
--

INSERT INTO `xc_groups` (`id`, `name`) VALUES
(1, '项目组1'),
(2, '项目组2'),
(3, '项目组3');

-- --------------------------------------------------------

--
-- 表的结构 `xc_member`
--

CREATE TABLE IF NOT EXISTS `xc_member` (
  `uid` int(10) unsigned NOT NULL AUTO_INCREMENT COMMENT '用户ID',
  `username` varchar(100) NOT NULL COMMENT '用户名',
  `password` varchar(100) NOT NULL COMMENT '密码',
  `email` varchar(100) NOT NULL COMMENT '邮箱',
  `mobile` varchar(40) NOT NULL COMMENT '电话',
  `prov` varchar(20) NOT NULL COMMENT '省份',
  `city` varchar(20) NOT NULL COMMENT '市',
  `area` varchar(20) NOT NULL DEFAULT 'NULL' COMMENT '地区',
  `dept_id` smallint(3) NOT NULL,
  `member_credit` int(10) NOT NULL COMMENT '用户积分，非订单积分',
  `reg_time` int(10) unsigned NOT NULL COMMENT '注册时间',
  PRIMARY KEY (`uid`)
) ENGINE=MyISAM  DEFAULT CHARSET=utf8 COMMENT='用户表' AUTO_INCREMENT=27 ;

--
-- 转存表中的数据 `xc_member`
--

INSERT INTO `xc_member` (`uid`, `username`, `password`, `email`, `mobile`, `prov`, `city`, `area`, `dept_id`, `member_credit`, `reg_time`) VALUES
(1, 'xxx', 'd41d8cd98f00b204e9800998ecf8427e', 'qq@11.com', '', '上海市', '市', '', 0, 0, 1331615777),
(2, 'zzz', 'f3abb86bd34cf4d52698f14c0da1dc60', 'zz@qq.com', '1234567', '上海市', '市', '', 0, 0, 1331617012),
(3, 'ddd', '77963b7a931377ad4ab5ad6a9cd718aa', 'zz@qq.com', '1234567', '上海市', '市', '', 0, 0, 1331617203),
(4, 'vvv', '4786f3282f04de5b5c7317c490c6d922', 'zz@qq.com', '1234567', '上海市', '市', '', 0, 0, 1331617396),
(5, 'bbb', '08f8e0260c64418510cefb2b06eee5cd', 'zz@qq.com', '1234567', '上海市', '市', '', 0, 0, 1331617495),
(6, 'sss', '9f6e6800cfae7749eb6c486619254b9c', 'zz@qq.com', '1234567', '上海市', '市', '', 0, 0, 1331617510),
(7, 'aaa', '47bce5c74f589f4867dbd57e9ca9f808', 'aaa@qq.com', '123', '上海市', '市', '', 0, 0, 1331617613),
(8, 'fff', '343d9040a671c45832ee5381860e2996', 'fff@qq.com', '5345345', '上海市', '市', '', 0, 0, 1331618154),
(9, '0', '698d51a19d8a121ce581499d7b701668', '111@qq.com', '111', '上海市', '市', '', 0, 0, 1331620932),
(10, 'rrr', '44f437ced647ec3f40fa0841041871cd', 'rrr@qq.com', '456787', '上海市', '市', '', 0, 0, 1331621894),
(11, 'oooo', 'ce7ce9108ae218e4ee612b0b36e3ed1d', 'bbb@qq.com', 'sdfsdf', '上海市', '市', '', 0, 0, 1331621962),
(12, 'dfdsfdsf', 'bcbe3365e6ac95ea2c0343a2395834dd', '222@qq.com', '1234567', '上海市', '市', '', 0, 0, 1331622273),
(13, '124324', '698d51a19d8a121ce581499d7b701668', '11@qq.com', '111', '上海市', '市', '', 0, 0, 1331622290),
(14, 'sd', '343d9040a671c45832ee5381860e2996', 'fff@qq.com', '4345435', '上海市', '市', '', 0, 0, 1331622350),
(15, 'qaz', '4eae18cf9e54a0f62b44176d074cbe2f', '8765@qq.com', '1234', '上海市', '市', '', 0, 0, 1331623240),
(16, 'zxc', '5fa72358f0b4fb4f2c5d7de8c9a41846', '8765@qq.com', '1234', '上海市', '市', '', 0, 0, 1331623350),
(17, 'tgb', 'f3c99ce66588c1409e30ad6f285cf6ff', 'tgb@qq.com', '1224324', '上海市', '市', '', 0, 0, 1331623451),
(18, 'iop', '9fbfb220e03aa76d424088e43314b0d0', 'tgb@qq.com', '1224324', '上海市', '市', '', 0, 0, 1331623489),
(19, 'nmm', 'fd61bea7b915c34d8aafd2a551e0d6c6', 'tgb@qq.com', '1224324', '上海市', '市', '', 0, 0, 1331624026),
(20, 'www', '4eae35f1b35977a00ebd8086c259d4c9', 'tgb@qq.com', '1224324', '上海市', '市', '', 0, 0, 1331624076),
(21, '555', '15de21c670ae7c3f6f3f1f37029303c9', 'tgb@qq.com', '1224324', '上海市', '市', '', 0, 0, 1331624193),
(22, '666', 'fae0b27c451c728867a567e8c1bb4e53', '666@qq.com', '1234', '上海市', '市', '', 0, 0, 1331624252),
(23, '777', 'f1c1592588411002af340cbaedd6fc33', '666@qq.com', '1234', '上海市', '市', '', 0, 0, 1331624282),
(24, 'www', '4eae35f1b35977a00ebd8086c259d4c9', 'tgb@qq.com', '1224324', '上海市', '市', '', 0, 0, 1331624076),
(25, 'hgh', '025c1e37b069dcd4129f02c842b705af', 'gg@qq.com', '1232424', '上海市', '市', '', 0, 0, 1331624542),
(26, 'sdf', 'd9729feb74992cc3482b350163a1a010', 'sdf@qq.com', '234234', '上海市', '市', 'NULL', 0, 0, 1331624643);

-- --------------------------------------------------------

--
-- 表的结构 `xc_member_groups`
--

CREATE TABLE IF NOT EXISTS `xc_member_groups` (
  `id` mediumint(6) NOT NULL AUTO_INCREMENT,
  `groups_id` mediumint(5) NOT NULL,
  `member_id` mediumint(5) NOT NULL,
  PRIMARY KEY (`id`)
) ENGINE=MyISAM DEFAULT CHARSET=utf8 AUTO_INCREMENT=1 ;

-- --------------------------------------------------------

--
-- 表的结构 `xc_node`
--

CREATE TABLE IF NOT EXISTS `xc_node` (
  `id` smallint(6) unsigned NOT NULL AUTO_INCREMENT,
  `name` varchar(20) NOT NULL,
  `title` varchar(50) DEFAULT NULL,
  `status` tinyint(1) DEFAULT '0',
  `remark` varchar(255) DEFAULT NULL,
  `sort` smallint(6) unsigned DEFAULT NULL,
  `pid` smallint(6) unsigned NOT NULL,
  `level` tinyint(1) unsigned NOT NULL,
  `type` tinyint(1) NOT NULL DEFAULT '0',
  `group_id` tinyint(3) unsigned DEFAULT '0',
  PRIMARY KEY (`id`),
  KEY `level` (`level`),
  KEY `pid` (`pid`),
  KEY `status` (`status`),
  KEY `name` (`name`)
) ENGINE=MyISAM  DEFAULT CHARSET=utf8 AUTO_INCREMENT=71 ;

--
-- 转存表中的数据 `xc_node`
--

INSERT INTO `xc_node` (`id`, `name`, `title`, `status`, `remark`, `sort`, `pid`, `level`, `type`, `group_id`) VALUES
(49, 'read', '查看', 1, '', NULL, 30, 3, 0, 0),
(40, 'Index', '默认模块', 1, '', 1, 1, 2, 0, 0),
(39, 'index', '列表', 1, '', NULL, 30, 3, 0, 0),
(37, 'resume', '恢复', 1, '', NULL, 30, 3, 0, 0),
(36, 'forbid', '禁用', 1, '', NULL, 30, 3, 0, 0),
(35, 'foreverdelete', '删除', 1, '', NULL, 30, 3, 0, 0),
(34, 'update', '更新', 1, '', NULL, 30, 3, 0, 0),
(33, 'edit', '编辑', 1, '', NULL, 30, 3, 0, 0),
(32, 'insert', '写入', 1, '', NULL, 30, 3, 0, 0),
(31, 'add', '新增', 1, '', NULL, 30, 3, 0, 0),
(30, 'Public', '公共模块', 1, '', 2, 1, 2, 0, 0),
(69, 'Form', '数据管理', 1, '', 1, 1, 2, 0, 2),
(7, 'User', '后台用户', 1, '', 4, 1, 2, 0, 2),
(6, 'Role', '角色管理', 1, '', 3, 1, 2, 0, 2),
(2, 'Node', '节点管理', 1, '', 2, 1, 2, 0, 2),
(1, 'xiecheadmin', '后台管理', 1, '', NULL, 0, 1, 0, 0),
(50, 'main', '空白首页', 1, '', NULL, 40, 3, 0, 0),
(70, 'Order', '订单模块', 1, '订单模块', NULL, 1, 2, 0, 3);

-- --------------------------------------------------------

--
-- 表的结构 `xc_role`
--

CREATE TABLE IF NOT EXISTS `xc_role` (
  `id` smallint(6) unsigned NOT NULL AUTO_INCREMENT,
  `name` varchar(20) NOT NULL,
  `pid` smallint(6) DEFAULT NULL,
  `status` tinyint(1) unsigned DEFAULT NULL,
  `remark` varchar(255) DEFAULT NULL,
  `ename` varchar(5) DEFAULT NULL,
  `create_time` int(11) unsigned NOT NULL,
  `update_time` int(11) unsigned NOT NULL,
  PRIMARY KEY (`id`),
  KEY `parentId` (`pid`),
  KEY `ename` (`ename`),
  KEY `status` (`status`)
) ENGINE=MyISAM  DEFAULT CHARSET=utf8 AUTO_INCREMENT=8 ;

--
-- 转存表中的数据 `xc_role`
--

INSERT INTO `xc_role` (`id`, `name`, `pid`, `status`, `remark`, `ename`, `create_time`, `update_time`) VALUES
(1, '领导组', 0, 1, '', '', 1208784792, 1254325558),
(2, '员工组', 0, 1, '', '', 1215496283, 1254325566),
(7, '演示组', 0, 1, '', NULL, 1254325787, 0);

-- --------------------------------------------------------

--
-- 表的结构 `xc_role_user`
--

CREATE TABLE IF NOT EXISTS `xc_role_user` (
  `role_id` mediumint(9) unsigned DEFAULT NULL,
  `user_id` char(32) DEFAULT NULL,
  KEY `group_id` (`role_id`),
  KEY `user_id` (`user_id`)
) ENGINE=MyISAM DEFAULT CHARSET=utf8;

--
-- 转存表中的数据 `xc_role_user`
--

INSERT INTO `xc_role_user` (`role_id`, `user_id`) VALUES
(4, '27'),
(4, '26'),
(4, '30'),
(5, '31'),
(3, '22'),
(3, '1'),
(1, '4'),
(2, '3'),
(7, '2');

-- --------------------------------------------------------

--
-- 表的结构 `xc_user`
--

CREATE TABLE IF NOT EXISTS `xc_user` (
  `id` smallint(5) unsigned NOT NULL AUTO_INCREMENT,
  `account` varchar(64) NOT NULL,
  `nickname` varchar(50) NOT NULL,
  `password` char(32) NOT NULL,
  `bind_account` varchar(50) NOT NULL,
  `last_login_time` int(11) unsigned DEFAULT '0',
  `last_login_ip` varchar(40) DEFAULT NULL,
  `login_count` mediumint(8) unsigned DEFAULT '0',
  `verify` varchar(32) DEFAULT NULL,
  `email` varchar(50) NOT NULL,
  `remark` varchar(255) NOT NULL,
  `create_time` int(11) unsigned NOT NULL,
  `update_time` int(11) unsigned NOT NULL,
  `status` tinyint(1) DEFAULT '0',
  `type_id` tinyint(2) unsigned DEFAULT '0',
  `info` text NOT NULL,
  PRIMARY KEY (`id`),
  UNIQUE KEY `account` (`account`)
) ENGINE=MyISAM  DEFAULT CHARSET=utf8 COMMENT='管理员表' AUTO_INCREMENT=5 ;

--
-- 转存表中的数据 `xc_user`
--

INSERT INTO `xc_user` (`id`, `account`, `nickname`, `password`, `bind_account`, `last_login_time`, `last_login_ip`, `login_count`, `verify`, `email`, `remark`, `create_time`, `update_time`, `status`, `type_id`, `info`) VALUES
(1, 'admin', '管理员', '21232f297a57a5a743894a0e4a801fc3', '', 1331539568, '127.0.0.1', 895, '8888', 'liu21st@gmail.com', '备注信息', 1222907803, 1326266696, 1, 0, ''),
(2, 'demo', '演示', 'fe01ce2a7fbac8fafaed7c982a04e229', '', 1331539641, '127.0.0.1', 114, '8888', '', '', 1239783735, 1254325770, 1, 0, ''),
(3, 'member', '员工', 'aa08769cdcb26674c6706093503ff0a3', '', 1326266720, '127.0.0.1', 17, '', '', '', 1253514375, 1254325728, 1, 0, ''),
(4, 'leader', '领导', 'c444858e0aaeb727da73d2eae62321ad', '', 1254325906, '127.0.0.1', 15, '', '', '领导', 1253514575, 1254325705, 1, 0, '');

-- --------------------------------------------------------

--
-- 表的结构 `xc_usercar`
--

CREATE TABLE IF NOT EXISTS `xc_usercar` (
  `u_c_id` int(10) unsigned NOT NULL AUTO_INCREMENT COMMENT '用户所属车型自增量ID',
  `uid` int(10) unsigned NOT NULL COMMENT '用户ID',
  `brand_id` int(10) unsigned NOT NULL COMMENT '品牌ID',
  `series_id` int(10) unsigned NOT NULL COMMENT '车系ID',
  `model_id` int(10) unsigned NOT NULL COMMENT '车型ID',
  `car_name` varchar(100) NOT NULL COMMENT '用户自定义车名称',
  PRIMARY KEY (`u_c_id`)
) ENGINE=MyISAM  DEFAULT CHARSET=utf8 COMMENT='用户所拥有车表' AUTO_INCREMENT=3 ;

--
-- 转存表中的数据 `xc_usercar`
--

INSERT INTO `xc_usercar` (`u_c_id`, `uid`, `brand_id`, `series_id`, `model_id`, `car_name`) VALUES
(1, 25, 76, 2046, 7049, '4234'),
(2, 26, 157, 2627, 11711, '4324');

/*!40101 SET CHARACTER_SET_CLIENT=@OLD_CHARACTER_SET_CLIENT */;
/*!40101 SET CHARACTER_SET_RESULTS=@OLD_CHARACTER_SET_RESULTS */;
/*!40101 SET COLLATION_CONNECTION=@OLD_COLLATION_CONNECTION */;
